"Adorable top with a hint of lace and a key hole in the back! The pale pink is a 1x, and I also have a 3x available in white!"
Complete with certificate of authenticity
"Banana republic bottoms, Candies skirt with matching blazer,Amy Byers suit, Loft bottoms and cami top."
"Size small but straps slightly shortened to fit xs, besides that, perfect condition"
Authentic. Suede fringe boots. Great condition! Size 7. If you are between the sizes 5.5-7 and love wearing thick socks during the winter they'd be perfect for you as well (i did last winter) :)
"Fancy, dressy or casual! Dress it up or down 100% polyester; washed once, never dried. Size: Small Brand: lush Purchased from Francesca's Tags: Free People, Anthropology, Dry Goods, Francesca's"
Size 1. Worn once. Excellent condition
Nwt Victoria's Secret Ultimate Sport Bra -maximum Support Size 34ddd
"lanascloset ~~~ description: never worn! i delete/update my listings and relist them so like my “sold” listings to have easier access to my shop later on ~~~ i normally ship the following day, but it happens that i ship a few days after purchase ~~~ forever 21 brandy Melville baseball tee"
They are 100 percent authentic. They are beaters but they still have a lot of life in them. No original box.
Worn one time. Excellent condition
Beautiful Excellent condition Zips and ties in the back Cream liner top to bottom
"29w. X 33l. Social stretch hollister jeans *** please see picture 4, the leathers tag near the belt loops is tore Also, Ae favorite boyfriend size 8 stretch"
Pink bra with logo band! 36d push up
One size fits sizes 2-12 92% polyester 8% spandex Super soft!! Capri leggings High waist 1in elastic waist band
Pre-owned. Some light scratches on hardware consistent with gentle use. Real togo leather. Comes with twilly.
"Has some wear to the back, and few white spots which I believe can be washed out"
Victoria secret 34 c corest top Will bundle to save on shipping If you have any questions please feel free to ask
"Used buh looks brand new and is washed and ready to be shipped Supper cute tropical print Supper comfy and soft Size: 34 Aa Great quality Made by Victoria's Secret pink 100% authentic Called ""where every where lightly lined bra"" Free Ship Ships Same Day Price Includes Shipping And Seller Fee"
"Black outside medium gray inside. Authentic, super warm and in like new condition. Size small and runs true to size."
Brandy Melville Off Shoulder Crop Top. One Size Fits All. Euc. 3/4 sleeves. 100% Rayon. Actual color: Navy Blue and cream in stripes.
"Perfect condition! Super comfy, let me know if you have any questions! *Let me know if you want any more pictures *Please ask for a measurement of you are not sure about your size *Bundle discount (: * *Usually Ship In The Same Day if purchased on Monday - Saturday post office hours ••Any issues after purchase... Please contact me as soon as you have found the issue. Your satisfaction is my concern.••"
Sz Large Color Black Like New 100% Authentic
Victoria's Secret Pink white/cream colored lace strapless bandeau. Size small. It doesn't have a specific cup size. Message me with questions!
This is a very beautiful diamond engagement ring size 7 with a thicker band than most solitaires. Reasonable offers accepted!
"Brand new with tag and bag. French bulldog leggings. Hard to find this color background. Super soft!! Made in Vietnam. As always, free shipping. Check out my other listings for bundling."
"Distressed Levi high waist jeans. Size Xs, 12 slim in kids size"
Highwaist distressed denim shorts size 3 The shorts I wear in most of my images
Men's Xxl In Good Condition Minor mark on Sleeve
"Signed Italy and 925 Necklace Vintage, lobster claw closure 16 inches long"
"-size Xs (fits long), or S (fits medium length) -rarely worn, great condition -no flaws -selling b/c I just don't wear it -35% cotton, 37% viscose, 18% polyamide, 10% angora -retail [rm]"
Under Armour half zip jacket in awesome like new condition! Size med.
Overall good condition. A few signs of wear
"""Fine or Fashion: Fashion Item Type: Necklace Chain length: 60 + 5 cm ""Shipping From China,competitive price, shipping takes about 15 days~"
"Both are a Chinese size medium which fits a Us size Xs. Both are brand new, never worn, did not come with a sanitary liner. Black ones are more cheeky then the burgundy ones. Will sell separately"
Worn once; will be washed before sent
Sheer black flowy top with cute flower design. Ties at the back or front. Size medium. Great used condition.
Extra large shirt with purple beaded flower design. Size extra large.
"Distressed with holes. Great shape well taken care of! Fits a size 11, perfect for spring summer and fall!"
Rose gold bezel and crown Engraved logo Red and green signature band Unisex No box
"Watercolor Inspire crop. No pilling or stickiness whatsoever. Some of the pink has bled into the white part of the waistband, not noticeable from a distance. 22"" inseam. Rip tag still intact, size 6."
"What goes better with summer than tacos & tequila? Chill out with friends sporting this great beachwear cover or wear as a stand alone with that oh so sexy bralette or bikini top! Don't forget your cool shades! Great condition! Worn once, no stains, holes, rips or treats."
Any questions please ask! Price is firm
Size medium in perfect condition
"Genuine leather, good preowned condition, does need new zipper pull on back. Smoke free home"
Cute boutique brand suit. Floral Print . Polyester & spandex material Under Brand For Viewing
Merona short boot new with tag size 6.5 come just above ankle taupe color
"New Duck Boots Sz.7.5 Stock up on These Trendy Boots great for Fall/winter, can be fold down to make shorter.!!! Boutique Forever Brand"
"I love these, but I got them as a mystery pair and they're not my size. :-( I am always happy to combine shipping and make a deal, so please feel free to check out my closet and let me know if there's anything else that you'd like! :-)"
Size small! Nwt bathing suit bottoms
"Bundle for Kesha: Sperry Top Slider Shoes Women's 8, zebra sequin design. Never worn, smoke free home. Under Armour Storm pants women's size small. Loose fit, 100% polyester. In excellent condition - no signs of wear, no stains, no tears. Smoke free home."
Never worn!!! Brown leather strap wedges!
Boys lebron soldier 9s great condition
"Victoria's Secret Pink Black Zip Up Hoodie Gently Used - The hoodie shows some wear since it is gently used. There is one minor stain on the wrist of the hoodie. No holes, rips, etc. Size: Large [rm] I have other Pink items in my shop and do bundle :)"
Sweater like long sleeved shirt. Glows in the dark. Purchased from another seller but it didn't fit. Says size M but would put it as a S.
"White Xl dress with built in bra. Strapless, ties around. Brown & pink flower pattern. Had never been in the dryer. I love this dress, but I have become too busty for it. :( Buy it seperately, or add others from my closet. I pay shipping on bundled item."
Miss me style name skinny size 26 inseam 32 The miss me tag is missing 3 of the buttons and it lifts up a lil bit but buckle can have that fixed & in pic 4 there's ripping by the pocket when you out them on its a lil noticeable but not all the way ripped but can be sewed. Super cute and comfy
"Black Ferragamo belt **Will Fit Sizes= 32-34 You have nothing to loose if you order it, if the item is not as described simply Return the package as is and you will get your money back"
"Size 10, worn but good condition."
"Excellent condition! Black Leather and brown leather Wristlet straps/ key chain straps. Gold tone Lobster claw clasps. The brown is around 7"" long and the black is around 6"" long. Silver Franco Sarto key ring with lobster claw Clasp. Perfect for having a big item on your keys & making it easy to find them in your bag! About 2"" across"
"Use the Microphone Pop Filter to immediately improve the sound of your vocal recordings! Plosive sounds such as """"p"""" and """"b"""" create a sudden burst of air pressure that can create a bassy """"pop"""" in your vocal recordings, ruining what could have been the perfect take. Double Layer Convenient and easy to use. Clamping bolt with long arm clam to attach to your microphone stand. Protects your microphone from saliva/spit 360 degree flexible gooseneck holder Swivel mount for easy installation Adjustable clamp fits securely to any microphone stand Gooseneck for precise positioning Specifications Screen Diameter: 15cm Neck Length: 35cm Color: Black Weight: 297g Package Contents 1 X Double Layer Studio Microphone Mic Wind Screen Mask Gooseneck Shield Pop Filter"
Brand new. Still in package. Black background with orange tigger.
"Beautiful brown leather new Fossil purse. The outside has a snap/ zipper closure pocket, with gold hardware. Top entry is snap closure with inner divider, one large middle zipper pocket, with a good size zipper pocket. Has a Fossil keychain. 11"" L X 9"" H X 5"" D, and strap is 15""."
Brand new with tags. Wraps around and ties at the waist. Includes Brandy stickers
Brand new with all packaging and never worn. Guaranteed authentic bought from Nordstrom. Women's 9.5
Super Cute Lauren Conrad Light Pink Chiffon Polka Dotted Bouse With A Cute Bow Tie Detail In The Back
"Sz 10 Never been worn, comes with receipt Don't sleep! These fresh af"
Teal and blue Lululemon Sucba Jacket. This jacket is in good condition it does show a little wear around the stiching as pictured (#2) it has a hood and collar. It is missing the string from the hoodie. Jacket also has thumb holes. Size 8
"Your ever-faithful companion, the Kate Spade New York® Cobble Hill Mylie shoulder bag embodies form and function like no other. Made of pebbled leather Top zip closure Flat shoulder/elbow strap Removable and adjustable crossbody strap Foil-stamped brand name and hardware spade logo Rear exterior zip pocket Flat base to provide upright structure Custom woven Bookstripe Print on Poly Twill interior lining Interior features one back-wall zip pocket Imported Bottom Width: 11 1⁄2 ""*Depth: 4 1⁄4 ""*Height: 9 "" Strap Length: 41 1⁄2 "" Strap Drop: 21"" Handle Length: 21 "" Handle Drop: 9 """
This is a men's Nike dri-fit shirt which is blue. All items come from a clean smoke and pet free home.
Nwt 32d Victoria Secret Bling Lined Demi Bra
"New fall print. Deep purple background with Siamese cats, hints of mustard, aqua and white. Tall and curvy. New in package."
Gold necklace and matching earring set Gold Mk locket bracelet Gold Mk round diamond accent bracelet
"New with tags , by self esteem, super cute with jeans, Capris or shorts whatever your attire asks for ."
Maternity swim top Size L Only used once and is in excellent condition
New never worn crystal Statement earrings J crew baublebar anthropologie Zara
"Size 6 promise ring , I'm willing to bargain! Best offer takes home"
black yellow white and purple
Worn only 2 times. Long and lace like material. Very comfortable. Tan colored. Size medium. Smoke and pest free home
"Price Firm ‼ Don't ask me for the lowest price pls , you have a free shipping New With Tag - size M a true to size but still a loose fit Bundle to save No Trades No Holds No lowballing I ship via Usps - First class and Priority mail the same day or next day Allowed Usps to update tr.number 24 to 48 hours after i hit button Shipped ‼ I won't be answering question When will you ship When will my package be arriving My tracking # does Not work ( needs time to update by usps which takes time ) Right after you make a purchase Feel free to ask if you have any questions about my merchandise I will answer asap Thank you - Patkat"
2 pair black Capri tights.
"Brand new from Victoria's Secret Pink! New boyshort style Size large Halloween themed panty All over candy corn design Pink logo waistband Ask any questions you have! I'm here to help. Prices are typically Firm unless bundled. Don't ask lowest & don't make a ridiculous offer. Bundles get a discount! I don't do trades or hold items. First come first serve: I need to sell as fast as possible, but I'm not desperate for a sale. If an item is still listed, it is still available & for sale. Understand that you Need to rate after you receive your item. That's the only way I receive my funds. Please read my bio in my profile for more info! Thank you so much for looking & purchasing. I appreciate it!"
From Victoria's Secret pink plaid and white pajama sleep shirt fits long Size medium Only worn once
Navy blue floral babydoll tank top from aerie and orange floral tank top from boutique. [rm] shipped for both!
In Brand new condition just missing the strap
"There are minor stains on the top & bottoms. The top is Xxs, the bottoms are Xxs petite. Cherokee does run big, so these should fit if you wear Xs - Small in regular clothes. The color is closet to the 2nd pic. I also have the same pants in Xxs regular length."
Os sugar skulls leggings Red background with little flowers and skulls Brand new
worn once. red with black micro stripe
"Flash Sale !! Today (Sunday) Only !! 20% Off Like New Purchased last May. Worn a few times. ,Retail [rm] Not in original box"
"Maternity sash with matching headband (headband is for baby). If you would like to purchase just the sash please message me! Vintage Inspired Rosette Sash Belt Sashes. A perfect addition to any outfit for everyday wear or a photo shoot! The total length of the sash including the flowers is approximately 78"". Actual color may be slightly different from pictures due to computer screen's resolution, brightness, contrast etc. Handmade item Photo prop Gender revel Baby shower"
Tiny hole at the back barely noticeable
new. (men style). this is a great deal for these so if you don't think so please keep it moving!
"Aqua blue zip up hoodie. Has pockets. Under armour. Small mark on back of elbow, have not tried to remove. Please see pic."
"Thrifted find never worn personally, in good shape. Small, deep red velvet patterns, plunging back Plus caged Crop Top and Velvet dress"
"[rm] plus shipping, final price, not selling for lower. Authentic Tiffany & Co. Beads Necklace Versatile and chic. Graduated necklace in sterling silver. 16.25"" long. Please ask any question before purchasing and rating. Thanks for looking No lowballers Price is firm normal wear. ( this item has been used) no dents. Thanks for looking"
Brown faux leather with back zipper. Size 7
"Size 4-6? I'm a 32dd and 125lbs Just had a baby, do not sure of my size!"
"Gorgeous new with tags size 10 dress You will have a remarkable look with this dazzling Sherri Hill 2805. This evening gown is so classy with its sheer long sleeves. It is heavily embellished with fine sequin on its shoulders, upper arms and fitted bodice. The overall dress style is mermaid inspired which makes this gown more special. It also features a square neckline, fitted waistline and floor-length skirt that trails to the floor."
Great condition worn 3 times. Just want a different color.
Victoria's Secret hot pink pj set with tank top and pants. Size med
"Like new black leather boots from Banana Republic. Not quite knee high, zips up inside, silver buckle detail and low heel. Great for walking! Size 9"
Never used Nx pattern dark brown color with matching wallet
"Good condition. Has adjustable shoulder strap. Black and white. Very roomy.15x10.5x4. Strap drop 22"" for shoulder and 7"" for hand straps."
"100% authentic Wristlet Phone Case, zip around, Mk signature Vanilla Color Retail Price [rm] Firm price Check out my closet"
"Brand new, highly sought after unicorn. Black background with white birds on a wire. These are so pretty. Will ship within 1-2 days. Brand new in package. Only opened for pictures. Smoke free - pet free home. Will ship priority with tracing and insurance."
Distressed high waisted shorts from Ae. size 0
Deep purple or eggplant color. Leather. Super cute. Big enough for phone and keys. Please look at photos before purchase. Thanks
Perfect for spring. Light blue colored. Like new. Women's juniors Spaghetti straps with off shoulder and flowing bottom Shorts are listed separately Will bundle to reduce shipping costs!
Gorgeous teals and blues. Stretchier knit fabric.
Good condition *see All My Kendra Scott Listings*
New Adorable Melanie Martinez I'll Cry if I Want To Vinyl Sticker
Dickies men's socks. Size 10-13
Bubblegum Pink long sleeved Ss pocket tee. Preppy Classy... Fun! Soft cotton. Such a cute shirt for fall. New with tags! Women's size small! Gorgeous shirt! Perfect gift! We are smoke free. Perfect gift!
Large animal print coach bag
New York baseball hat Nwt This hat was purchased in New York for my son but he never used it.
Perfecr for giving a gift or for any occassion.It is tall and shoe box can fit inside not the boots one.DON'T Ask about the item if your Not interested.INAPPROPRIATE Comment Will Be Deleted/blocked!
"Gently used women's size large Adidas pink with black zip up track type jacket. In gently used condition. No rips, stains or odors. From a smoke and pet free environment."
Worn about 3 times still in good condition
Size Medium Made By Miss Daisy Worn One Time No Defects Super Cute And Flattering
*Worn once as part of my cat lady costume! *Will fit size: S & M *Stretchy *Fuzzy and warm *Light pink **will Do Bundles** *check Out My Other Items*
"Brand new, never worn, no tag. Navy Blue background, red glasses. More pictures available on request."
"Great condition, just too big for me. Size small but fits more like a medium or oversized small. Olive green color!"
"Nwt LuLaRoe Os (One Size) leggings. Purple background with storks carrying light blue and light pink bundles. Unicorn!! Great for gender reveals! From a smoke free, pet friendly home. I ship quickly... same day if possible."
Nwot Lululemon In the Present Pouch. 2 bags in 1!
Beautiful brand new in box booties with roses on the heel. They are a size 9.
Lightly lined and underwire. Dark navy blue color with pink white and tan sparrows on it. Ship M-f only
In great condition flaws shown in pics purse retail [rm] any low ball offers will be ignored
Super comfy crocs. The pull tab on right shoe is ripped. Please see picture.
how darling is this beige/taupe 100% Silk top? in perfect condition for those hot summer days! has adjustable straps so no worries about too much/little boobage. size is wilfred xxs but fits a true xs or smaller chested small. I pay shipping!
Nwt never worn size 6
**New Harry potter time turner necklace. **Very beautiful !!! **Silver with white sand. * hourglass *Hermione Granger *Wizards *Dark magic *Fantasy Great Christmas present!!!
Really cool brand new 80s style gold plated watch! This digital style is coming back and this is your chance to get one for a good deal! Stones Deals Discounts: Add any item with free shipping to your order and get [rm] off for Each item added! Add more items with paid shipping to one order and I will combine them to all one shipping cost!
"New!! Never worn or tried on. Lularoe buttery soft leggings Htf Os LuLaRoe Rudolph the Lularoe unicorn Red Nosed Reindeer and his woodland friends. Made in China Os fit 2-12 Tags:, lularoe, one size, llr, lula, Nwt, Bnwt, pattern, Christmas, leggings, present, gift, free shipping"
New fashion pearl earring White gold pleated They're brand new and high quality Price firm unless bundled
Dark gray. Size Xs. Nwt
Good condition has small pocket on back and zippers on bottom. Great workout leggings
Never worn just took tags off and hung it in closet Stretch material size Xl
"Used, 2 small holes shown in pic 4 on back of thigh bellow butt, minor pilling between legs, size M, skinny leg, black."
[rm] for all. Will post separately later if not sold. 7 Victoria's Secret Pink Items: 1 yoga 1 legging 1 pant 1 tank 1 long sleeve shirt 1 sweater 1 jacket I have not yet checked their conditions. Later when I post separately I will price each according to their condition. But in the bundle it is cheaper. Posting as bundle for the 10% Off discount.
Coach Ray Signature High Tops. New never worn. Authentic. Size 6. Black with a bit of gold. Original price is [rm] plus tax
Dri-Fit The bottom of the N wore off a little
There are a few flaws as seen in 3rd picture. Bottom of legs and a black spot on front of left leg.
Never worn too big on me. Somewhat thick material.
"One black top, one plum top- both size large"
Tory Burch Gladiator Sandals 6.5. Tan Suede real zip Gladiator type sandal. Leather sole. Made in Brazil-Authentic. Good used condition.
"H&m Polka Dot Nude Dress Cute, Comfortable, Has Pockets No flaws Size small Similar Styles melville express urbanoutfitters free people zara f21 forever 21 modcloth vintage"
Brand new with tags white/burgundy
LuLaRoe Leggings One Size Halloween Frankenstein Print New Without Tag Never Worn Or Washed
"2-Mens Xxl Cruise Ship T-Shirts. Grey-Royal Caribbean on Pocket Embroidered, blank back, New With Tags. White-Soverign of the Seas, graphic on front, back blank Nwot"
"No damage, light aqua, flat chest 27""."
Blue and black peplum tank top from express with zipper closure. Great condition.
• Free Shipping! • brand new with tags • size medium
"Light Blue, Size medium women's. Light pilling, price reflected. Chest measurement: 22 "" Length"" 23.5 "" Coat"
Size Small but runs big! Could easily fit a medium.
3 new pairs pink socks and free ty gift and free shipping
Selling super cute blue boho top with flared sleeves. Can be worn with high waisted pants or mid rise. Super comfortable
One of the classic Brandy Melville designs! Super cute crop tank top. Some light pilling on the top as pictured due to the soft fabric and worn around 5 times. Priced to reflect the wear! Msrp [rm] No trades. Bundle to save!
Preowned. There are signs of use but there is plenty of life left Elastic halter style
Brand New Tags Attached Vs Pink Logo Band Boyshorts Size Medium!! Price Is Firm!!
2 Liz Lange maternity dress Medium Approximately retail [rm]+ Bundle wholesale boxes 1. Please note the line through the tags (This doesn't hurt the item it is to prevent returning to the store since this is overstocked items still being sold at retail in many locations) 2. Pricing is firm this is close out pricing 3. I can't switch for items in another box or add subtract items 4. Ask questions before purchasing :) Follow me I have more boxes to list. Great for resale Box number 33 For shipping purposes
"Lululemon Run Inspire Crop Skinny Women's Pants 6 Fast Ship! Great. Measurements taken by hand: Waist Laying Flat Across a Ruler: 13.5"" inches. Inseam: 20.5"" inches. Leg Opening: 5"" inches."
Nwot Rare Mystic Bazaar Pinch Bracelet Set in Rhodium w Howlite & clear stones. Excellent condition. I have several of these I will post. Price is firm
"-Camouflage colors -Size small -Brand new Freddy Jeggings -100% authentic **If you have any questions, feel free to comment**"
Two pairs of sandals one born one soft
"Last one! Priority Shipping included Brand New in Online Packaging Sweet dreams guaranteed–this super soft snuggly blanket instantly brightens up your dorm room or bedroom. Faux fur on one side, plush on the other. Softest Blanket ever! Faux-fur on one side 60""w x 72""l Imported polyester Victoria's Secret Pink"
Brand-new never worn Beautiful luxurious watch but I wear a Apple Watch regularly so I am selling this one It retails for [rm] so you getting an amazing price here
"Women boots by Canyon River Blues, size 10, used once, good conditions"
Smoke and pet free home. Fast shipping.
This is a super cute garter skirt from Victoria's Secret. It is a bright red color with coral accents. It is in perfect condition and comes from a smoke free home :)
White frame with gold accents and tinted lens
"Brand Nwot Nfl Team Apparel Women's Ny Giants Fitted Lace Up Jersey Top Red Lace-Up and Bling Letter Detail Mesh Panels Team Jersey Material, Super flattering fit Size Small Removable sticker tag still attached to sleeve but has a bit of wear from storing- see photo No tears or pulls- brand new"
"New with tags Victoria's Secret Pink logo tote / beach bag, pink and orange"
Smoke free and dog friendly home. New and unworn Randy
"Neon green Ua fitted tank Nwt! Womens M Check Out My Closet for other items like nike shoes, lululemon headbands, Calvin Klein Jacket, magaschoni cashmere, khakis, vs pink panties, leggings, etc"
Size Small Banana Republic. Citronella/gray camo. Very gently use
New with tags size small
Both have only been worn and washed once. The tags have been cut out tho.
"Kawaii style multi color canvas/faux leather Hello Kitty tote by Loungefly. Hello Kitty is on the front and the back along the sides. It also has dangling charms on one strap and features her signature bow in metallic pink and polka dots. Looks very similar to Tokidoki Hello Kitty. Bag is new with tags and has never been used. Come check out my other listings. I sell a little bit of everything and lots of well known brands such as Lilly Pulitzer, Too Faced, Nike, Imaginext, Star Wars, Lularoe and Shopkins just to name a few."
New With Box Michael Kors Warren Thong Leather Color Watermelon 7m
Two pair men's socks. I pay shipping you save. Bundle and save more. Do not ask for discount unless buying two or more items. Smoke pet free home. New with tags Buy superman socks n And get batman socks for five dollars more
"Gently worn size 11 jeans and or 31"" waist jeans."
"Medium vs pink boyfriend pants, well loved"
"Black velvet skater dress, size S. Ordered off Wanelo, so I don't know the brand. Open to offers! Sorry no free shipping."
"Yellowish dress Great condition No flaws Fits medium/large best ****ask Questions Before Purchasing!**** I Ship Within 1-2 Days,usps Delays A Lot Please Understand That Some Packages Do Get Damaged When Being Shipped,due To Being Thrown (usps Fault) So Please Don't Take It Out On Me. -bundle To Save -returning Customers Save Holds|try Ons !|trades First Come,First Serve *Shipping included in price*"
"Super soft oversized Grey top with 'Welcome to Fabulous Las Vegas Nevada' in gold. In great, lightly worn condition. Tag the size large. Lostinbubbles"
"Black sweatpants by Victoria's Secret ""Angel"" loungewear. Drawstring waist with side pockets. Only worn once and washed."
A black tee with white screen print g and garbage lettering Size m Good condition
"Green and white short sleeved Kappa Delta T shirt. Greek letters are white, and there are also white bands on each of the sleeves. Made of cotton/polyester blend. Never been worn - basically brand new!"
Silver with cubic zirconia crystals
Not worn too often. 9/10 condition. Lots of life left. No scuffs or markings.
Brand new one size fits all
"Medium Great condition no flaws Stretchy , slinky material black V neck Open slits on sides of arms. Below waist,slightly flowy. Matches pants & shirt in other listing"
New with tag Tall and Curvy legging from Lularoe. Made in china
"Size 12 1/2, never worn and in great condition."
"Champion Orlando Magic Nick Anderson Jersey, overall in great shape for the age, minor wear on the numbers see pictures."
"Perfect for spring and summer. Fun criss cross back detail. No flaws, cleaning out closet. Smoke and pet free home"
"Brand new!!! Brand: Uwd Size: 5 regular Such a cute pair of distressed black denim jeans. The material isn't the jegging type, it is actual denim. The distressing is so cute! Stretchy and hugs your curves! hope this can find space in your wardrobe!!"
Size xs very goodcondition boot cut sweatpants. Has pockets on back side.
Black with unique colors around the sides.
"Brand new Slidewatch! Rarely used black all around, unisex. No flaws!"
Kylie Jenner Pumas very comfortable and cute with a pair of leggings ..
Paid almost [rm] for them this past winter. Literally worn for 1 hour and didn't like them. Have the spike tool remover. Size 7w
Featuring Jack Skellington's head. Bought at Hot Topic a while ago.
No stains/no holes Great condition From pet and smoke free home
"Vs Pink full zip hoodie in Xs, used but in good condition w/minor flaws, please see 3rd & 4th pics as I try to take a closeup pics, mostly fuzzies as it is normal after u wash & dry them multiple times. I traded with someone else on a different app but feels a little tight on me as I like looser fits for sweaters/hoodies. Priced cheap to reflect on condition of hoodie, please ask if u have any questions. This item will ship FedEx, thank u."
"Used condition Tory Burch flats. Black pebbled leather. Wear is shown in pictures and includes scuffing on toes (fixable w a little polish), peeling insole, wear mark on heel (does not go the whole way thru see pic). Pictures show true condition and wear. The nice thing is, all these issues are not very not noticeable when wearing. I do not have original box but can sent another Tb box if you want one! Please see all pics and ask any questions prior to purchase. These are in fair wearable condition. If you want new then please don't purchase."
"Women's Converse all star tennis shoes. Size: 7.... I think they run more like a 7.5. Bottom of shoe is 10.5"" from very tip to end of heel. Good condition.... Mild dirty on white sole and a toe scuff on left front."
Masquerade brand. Size 15/16. Perfect condition. Only worn once for a few hours
Very clean . Worn maybe once. Has crease protection pads installed . Size 10.5 . Mint condition Not for sale in the main market anymore
"Incredibly warm vest, it's thick but light at the same time. I bought it large because that vest style runs small so it truly fits as a medium/large"
Brand new floral camera leggings
"925 Ss 10 strand Necklace Called ""Liquid Silver"". Same one on eBay selling for [rm]. Price firm."
Women's Cobalt blue down jacket. Gently Used. Very warm and snuggly on those cold mornings! Generous size large.
Free Shipping Will bundle Belt is stretchy..one size fits most
New t shirt Official Licensed Product Size 2xl
Brand new Price is firm Bundle orders to save on shipping :)
"I ordered this last year but I don't recall where from, nor is there a tag on it but it fits like a medium/large. Fits better on those who have some hips to them! Somewhat cheeky. Never wore in water, only to try on. It was a bit small and I should have gotten and Xl. I am 5'4"" and about 180"
"Good condition, worn maybe twice!"
Navy and gray striped polo by Banana Republic luxury touch line of men's polo shirts. Size large. Very nice and soft polo with no signs of ware. Like new condition. Made with 100% cotton.
Brandy Melville stickers holo alien sticker holo smile sticker Free Shipping || Will be shipped in an envelope w/tracking provided
Green like new Nike shorts! Great condition! Excellent for a jog or a bum day! Offers are accepted! 3 pairs
Sunset orange and red good condtion
Nwt...... Victoria Secret Gray&White Shirt..w/ Iphone 7 plus case
Worn a couple of times but is still in brand-new condition please feel free to contact me with any questions or concerns thank you
"One size fits small-large. Soft brush knit leggings are amazingly comfortable! 92 % polyester, 8 % spandex. Softer than LuLaRoe leggings! Not sheer or see through. Perfect for the winter or holidays! Not Lularoe!! Burgundy asymmetrical top also available. Make it an outfit for 45! (White cardigan not included) Brand- Infinity Raine"
36dd Victoria's Secret Dream Angels With Crystals Bra Baby blue lace with accent neon yellow spaghetti strap with accent bows Good Used Condition
"I love this print!! I believe it was called cabbage floral. It is red with pink,green and hints of yellow."
Black timberland boots Size 7 boys/men
Comes from a smoke free pet friendly home check out my other listings to combined on shipping
New black and white converse style Cyphe ox. Men size 9. Women's size 11. Box not included to save on shipping.
2 pairs Free shipping New size large
"Size xs, oversized fit, worn once ,great condition."
Brand New! Only removed from packaging for photos. Made in Vietnam.
"Retails: [rm],250.00 Just the right size to take you from work to weekend, this classic Burberry tote boasts canvas side panels printed with the British house's signature check in a nod to its rich heritage. Leather; lining: cotton Imported Double handles Interior tab with magnetic closure and clasp closure Interior zip pocket, two interior slip pockets, interior cell phone pocket Fully lined 16""l x 6.5""w x 10.5""h; 12"" handle drop"
Diamond ring. Stamped10k weighing approximately 2.6 grams. This is definately a dainty ring and is approximately a little under a size 8. Another blow out special snatched it up while you can. This has been cut in half. Don't wait to long there are nine people that have liked it. This is a steal just in case you don't know that already.
No size . Feel like L
Brand new Women's 100 Tundra Full Zip fleece in Xxl in dramatic plum color. Price is firm.
Slightly oversized fitting. Worn 1x. No flaws
"Medium in women's (i have a lot of Nike deals, visit my closet )"
I bought this during the Fall/Winter 2016 Collection. purchased straight off of the supreme website. it's only been worn a couple times. still super clean. looks brand new. it's a New Era brand Osfa.
"LuLaRoe Os Leggings made in China. Vguc I bought used but never wore. Close up pictures included for condition. Made in China. Blue, red, yellow colors in pattern."
New Nike Men's Benassi Jdi Slide - size- 12 Because of the size the shipping have to be [rm] ***** Price Is Firm ***** *****no Free Shipping ****
"These are a pair of Women's Sperry Top-Sider Angel Fish Slip-On Shoes Size 7.5. They are in excellent condition! They were only worn once! Thanks for looking! Smoke free home, make a reasonable offer."
"3 v-neckd are included in this bundle. The 3 colors include light pink, light blue, and coral. 2 of the vnecks are from Gap whereas the light pink vneck is from Abercrombie Fitch."
Size 11 Ds Receipt is available
"Black, Size Us 7, Worn 1x"
Nwot: High waisted denim shorts with rips in the front.
Brand new inbox Adidas nmdr Sneakers available in different sizes. Inbox for your size.
Nice dark green tshirt. Size medium.
Black Riding boots Great for the winter Only worn a couple of times; still in great condition Size 7
Soft and light black/gray/white summer dress. Perfect for the beach! Offers are welcomed!
This clutch is made of python embossed leather. New and unused - [rm] value
"Nwt. Has split side detailing and rolled sleeves. Brand new, comes from smoke/pet free home."
"Never worn. Still has original tags. Comes from a pet free, smoke free home."
Purchase off of here for my boyfriend but he can't for them :( So I'm selling them
Brand new with tag. Made in Vietnam
Brand new with tags. Small barely noticeable defect on side stitching (see last picture)
+ Masters Visor Hat + Official Masters Item + Hat is in great condition + Adjustable Hat
"This Listing Is For 1 New Medium Vs Pink Padded Bandeau Vs may put a black dot on the inside of tag/clothing to show this a final sale item and may not be returned . If this is a problem for you, please don't purchase If You Ask For A Listing You Must Be Ready To Purchase Immediately According To Chart Size Fits 34 C/d 36 A/b/c Keep In Mind That Everyones Body Is Different I Am Not Responsible If It Does Not Fit My Price Is Firm, I Take [rm] Off Each Add On I Pay For Shipping I Ship Fast And Would Like To Be Rated In A Timely Manner. when you have received your item, please don't just disappear, funds will be released when you rate:-)I would appreciate this:-)IF You Dont Rate Me After You Have Received Your Item And I Have To Ask The App To Rate Instead, You Will Be Blocked Please Message Me If There Is A Problem. Be More Than Happy To Resolve Problem:-) I Do Not Accept Offers Holds Or Trades Tracking Number Will Be Sent In Late Afternoon Dolce Stile:-)"
Wildfox Couture SweetHeart Cutie Shorts Womens Sz S Rare Bbj Sleep
Never worn. Tags still on. Fits a size 9/10.
Black and Polka Dot Kate Spade Wallet Authentic Small crack in crease as shown in picture 4 Clean **no Free Shipping
Super cute its long and sexy got online but by the time warm weather came I had lost too much weight! It's xl fits more like a large medium and stretches
"Brand new. It's real 18k gold filled men's cross necklace high quality. Chain length: 22"" Pendant length: 2"" Stamp 18k"
Hyperdunks in red with florescent orange color accent. Size 9. Good condition
"Super cute top, white/cream with black stripes, Nwot perfect condition. Just didn't look right on me."
Purple gymshark tank top. Small. Racerback. Somewhat see through. Slits on side. Never worn
"Like new, size S Firm Pls"
Super Cute!! Size 8 women's
Super cute sports bra bundle- cobalt blue and black- cross back detail. Too small for me. Never worn- no tags- some padding
Authentic and in like new condition. Free shipping. Comes Pouched. From 15-18 inches Check out my other Pandora Items for addition [rm] off other purchases on the same shipping day. Priced competitively. Boxes are additional [rm]. Fast shipper and high rated!
pre owned no holes medium womens pull over half zip blue/pink smoke free home
"On Hold for AmandaC. All other buyers will have their order cancelled. Authentic Michael Kors purple leather tote with gold tone detachable Mk logo key fob and gold tone hardware (and gold tone feet) 16"" wide x 9"" tall x 6"" deep Strap has a 10 1/2"" drop so it sits comfortably on your shoulder. Full zipper at top, khaki colored interior with signature Michael Kors logo. One interior zippered pocket and four interior side wall pockets. Soft walled, has been stuffed to maintain its shape. Original dust bag included. Excellent used condition no tears, stains or rips. All zippers are fully functional. This cue bag definitely has a lot of life left in it!!! Beautiful rich color for spring."
Black and taupe small wallet. Leather has a couple of small scratches as shown in photo. Super cute!
Gray shirt with purple roses. Crocheted neckline and back with hi-lo hem. Torrid size 2. Gently worn and in great condition. Smoke free home. Check out my other listings. Willing to bundle.
Great Christmas Gift Idea! Super cute faux suede choker with bow and bells. Price Is Firm. No Order Cancellations!
Light weight rhinestone hoop earring.
Nwot Blue Aeo Sateen X Jeggings Really soft and comfortable! Ships immediately
Neon and grey Victoria secret pink cage push up bralette Never worn but no tags Fits 32 and 34 A-c
Excellent condition No flaws Size small Price firm
"Rabbit and Fox Fur Vest with Hood Gorgeous, only thing wrong is tag cut out and zipper part is missing:) Size Xl But Runs like a L Open to offers:)"
Ladies Size 2x blue and light beige chevron printed dress. Tacera brand dress. It is a sheer dress with a solid light beige spaghetti strap slip like under it. 3/4 sleeve. Please note it is missing the belt but has no affect in the wear of this pretty dress.
"You will receive everything shown in the picture 1x 16g Hollow piercing needle 1x 16g Steel stud 1x Alcohol prep pad Always pierce responsibly *Typically with hollow needles you get a needle a size larger than the jewelry you're putting in. (because in most cases you can put the jewelry inside of the needle so when the needle goes inside your body so does the jewelry) So please, if you would prefer to do it this way and need a larger needle, message me immediately after purchasing so I can accommodate you. Body Jewelry Piercing Pierced Plugs Gauges Gages Guages Stretchers Tunnels Daith Rook Helix Conch Ear Earrings Tragus Snug Eyebrow Bridge Lip Ring Hoop Nose Nostril Labret Snakebites Angelbites Belly Button Tapers Tunnels Monroe Septum Smiley Web 16g 14g 12g 10g Gauge Goth Punk Makeup Fashion Cute Modification Plugspiercingsandbrutality ppab"
Good condition no stains rips or holes Size is XSmall but fits up to medium No free ship
Brand new no tags. These are camo joggers very cute with black skull on front. They are perfect to wear for any occasion! These are unisex men or women. They fit small to large nice stretchy waist band. Army jogging says Camo sweats Army harem pants Harem joggers Harem pants with skull Skull joggers Army joggers Camo joggers
"This dress is a muted blush pink and was worn twice. No holes,tears, or stains."
"Black, leather-like strappy sandals. Perfect for the upcoming spring and summer season! These are super cute, they're just a little too big for me. I wore them once to a concert and got a little too lit and they have scuffs on them because of it:( shown in second and third photo. I paid [rm] originally. Plenty of life left!"
Comfortable and gently used! Paid [rm] for it!
Like new condition Quality material Staple piece
This is such a cute tank from Volcom! The straps are adjustable by the tie in the front. So you will get a perfect fit! Two tiers of fabric. Says Volcom in white at the hem. Size small.
Ugg Bailey bow boots size 7 Still has a lot of life in them The bottom sole of the boot is a little worn and the boots has some lite stains please look at the pictures
Stunning Oval Set Light Amber Gemstone 925 Sterling Silver Plated Ring Size 10 -New Without Tags -Free Shipping The more you buy the more you save!! Check out the other items I have for sale... Buy 2 save [rm] Buy 3 save [rm] Buy 4 save [rm] Buy 5 or more save [rm]
Never worn hot pink zip up. Super soft and cute.
Nwot Thirty One bag! Super cute and ready to be used!
Super Cute Winter Vest by Old Navy Zip up and button up Fluffy Size L Land End Sweater
"Authentic Kendra Scott new never used gold plated finish navy cats eye stones dangle about 2"" retail [rm] sorry no holds firm price free shipping generally ships within 24 hours thanks for stopping by"
"Free ship! This's a brand new with tag Too Faced Cosmetics x Skinny Dip London limited edition glitter makeup bag Pouch as shown in pictures! Super cute, has Too faced makeup printed and clover the dog printed on it Item sold as shown in pictures! Please refer to pics for details! All sales are final!! Prices Are Firm! Please do not negotiate! No Hold at this time! Free shipping is included ! Thank you for looking!"
"Smoke free and dog friendly home. Retired pattern. Tote has a few snags on strap and discoloring on magnetic snap closure. Overall good condition. Faux-leather straps and base trim Inside, three slip pockets Magnetic snap closure Vera Bradley logo plaque Dimensions 11"" W x 13 ¼"" H x 5"" D with 11"" strap drop Care Tips Spot clean"
Was for prom it fit and looks great still
Men's new with tags Flojos sandals size 10 color brown ships without the box.
Blue navy and silver side tie New York & Company blouse. Only worn a few times still in excellent condition. Size Xl. 96% polyester 4% spandex.
Brand new with tags Victoria's Secret Pink Lime Green Sandles size med and a pair of knee high socks on size fits all
"Brand Nwt never worn, please give her a loving home! Super soft flowy maxi dress with a cool tie dye pattern! V neck and long sleeve but a light light material."
"great booties. They just need new laces. Size 8. Minor flaws see last picture, and some wearing on the heel. Retail [rm]. Black."
"Affliction shirt size medium. Worn once. No tear, stains, or piling."
"In good condition, Come with box Receive offer"
"100% Cotton Beautiful embroidery. Cool and comfortable for going out, covering your swimsuit or sleeping"
Cheer bow bundle cheetah and white
This is a campus back pack 2013! it has a place for computer!
"New never worn. So pretty from a boutique. I bought for 40 will take something close to it. Can be worn with something under or alone. As a bikini cover. Sz xl but this can be work for different sz. Medium, large, xl. Stretchy."
"In love with these jeans but after baby #2, I don't have a chance lol New with tags. Super cute and blingy!!"
"Victoria secret very sexy push up front close snap, adjustable strappy back 36 d bra. Bra is in like new condition. No stains or tears. Pet free smoke free home. Price is firm. **like something else in my closet, ask to bundle to save a few $$**"
New with tag. S925 sterling silver stamped. Similar style to Pandora.
"Brand new, never worn just washed. Came in a package of 5, but I wore one and realized not my size!"
Bnwt Size medium Gorgeous silver from the limited elegant collection.
Brand New Call It Spring Size 8 women
Bought way too many and would like to get rid of my least favorite ones. Brand new. Just took out of the package to take a picture. If you purchase before 4pm it will ship the same day!
new lularoe cassie houndstooth skirt xl. with tags. pet free smoke free home. black and white with tags.
"Small side slits, shoulders have a slightly different pattern that is a little sheer. The rest is not sheer at all. No flaws. Size Xs but fits like a S."
White men fishnet under wear Men white fishnet underwear. Size 32-34 M
Off the shoulder top Floral design Soft material Like new
"Black and grey athletic shoes, only flaws are a few minor seam ends coming loose, otherwise they are like new Women's size 7"
Sperrys worn a couple times Fits like a 6.5-7 Excellent condition
Super cute color women's forever 21 bomber jacket its that pinkish colored with silver zippers Size small Only wore a few times in great condition
"Only worn about twice, no stains or rips."
"Price is included a shipping cost first class mail / 2-7 days Brand new with tag or online package Victoria Secret Pink Logo Boyshorts Medium size Begonia Price firm, bundle for discount"
"Brand new in package, size large logo low rise hipster panty, front is white with hot pink lips and the back is black with hot pink lips. 2 pairs-- hot pink lips and white and orange stripped."
Wear on the butt (shown in picture) black with forest flower design. Tween. Retail for 25
H&m padded bra red bikini. Bottom is a medium and top is a small.
"Animal print Size 8 Strapless full length Has sewn in padding and ties around waist. Originally [rm], paid [rm], selling for [rm] (never worn)"
Brand new Pandora bracelet signature makings Ale 925
"Not used it was a gift, great condition"
"color : blue size : women's medium condition : never been worn, very good condition"
Nwt Vera Bradley Kiss lock Case and Luggage Tag and Double Eye Glass Case in Parisian Paisley. Bundle.
"Size 8.5 women's new without box (box no lid) Firm Price No Free Shipping (i have a lot of Nike deals, visit my closet )"
Very cute very old Wildfox zip up with a hood… Oversized almost like a men's small
Black mini with gold zipper detail and never worn.
Received in like new condition and still havent used it. It is to beautiful to just set around. Kate Spade Wellesley Small Rachelle Satchel Bag Mint Mojito Green
"Clarks Bendables Size: 6.5 Heel height: 2"" Heel type: wedges Light scuffing on the heels Does not come with original box"
Aeropostale brand | Size: Xl | Cotton blend | Legging style | Full length | Fold over band is blue and white ombré (pic is a little light) | Live Love Dream in studs on back of band | Zero flaws | Tags: #aeropostale #yogaleggings
Brand new dolman tops super soft. One is black the other is red. Smoke free home. Taken out to try on and take pictures. They were too big for me. I wear a size large lularoe irma and these were just too big. They are size 1x-2x.
Used a few times in great condition but need to be cleaned. Size 12 in women's Box not included Converse
Neckless and ear rings brand new never used
relaxed size large namaste in bed tee! perfect for lounging around or even put it with a cute sweater and scarf for the fall!
"Super cute! In used but good condition! You can zip it up or button! Decently thick material, good for the spring or fall! And you can dress it up or down! Says size 1x but would fit a large. I usually wear a 12-14 and this is over sized on me (as pictured)"
"These slipper boots have a button missing, as seen in photo 2. Also there was a small hole that I fixed as seen in photo 3 has bondex on the inside so the stitching doesn't come undone. Not even noticeable. The bottoms are a little dirty as seen in photo 4. Says size 7-8 but fits like a 6-7. Mukluk like slippers."
Black turtleneck with subtle sparkly silver thread. Size medium and easily stretches.
"Don't wear it anymore, minor flaw is stain, not really noticeable and can possibly come out in the wash! No peeling on thrasher logo, Color Is Navy Can Fit A Small Shirt Is Unisex Make Offers"
"White stripper shoes with diamond heels See photos for condition, some marks and need to be cleaned but otherwise good condition"
Gently used leather jacket. It's similar to the one Hayley Williams has (idk if it's the same exact brand). I originally bought this for myself but it's too small :/
"Brand new, never worn! Still in package. Navy Blue off shoulder blouse with cut out. Lightweight material. 3/4 length sleeve. Size Medium. Tags: Hollister, Daytrip, Buckle, Express, H&m, Urban Outfitters, American Eagle Smoke free home Ships same day or next day Offers through chat :)"
Perfect For Spring Break! The best summer gift Sea foam green Never Used
Brand new with tags Ties around neck With low cut back Size 14. Will fit a medium to Xl very stretchy
"Louis Vuitton wallet box with dust bag No flaws, This is my lowest No Free Shipping Did not use at all Authentic proof in the photo Wallet box (?) Clothdust bag is included Just the dust bag is [rm]. Which is listed in my page Size 14.8cm x 12.4cm x 4.4 cm Fits small wallet like the one is the picture or card case Long wallet doesn't fits !!"
Girls medium but fits women's small Hot pink The north face Zip up vest Goose down insulation Nwot
Adidas climalite all black sweatpants. They are in good condition but have some snags in them. The snags are mainly on the butt area and there are some on the front but no major ones that have caused a hole. Since the pants are all black the snags are barely noticeable. Message me for more details and offers
"Size small Nwt Detroit Tigers fitted tee. Brand new, never worn, tags attached. Is dark gray with orange glitter writing and Detroit logo on front. Is fitted, fits true to size."
"This shirt is very light and cute with a tank underneath it! Good condition no flaws, bundle and save"
New in bag!!! Pink Long sleeve campus tee Size Xs Oversized Bling Retail [rm]
"Gorgeous light blue shirt, boys Xl (or women's xs-s) only flaw is a slight discoloration on the front of the shirt, but it is hardly noticeable."
"Selling both together since they both have some issues, nothing major both bags can be used."
Great condition. 1/2 sleeves. Buttons in the back as well. Bundle for only [rm]
Nwot Size Large Lily Pulitzer Dress. Never worn.
black and white! like new. i've only worn this once or twice
"Size Xl, pink/ navy blue in good condition"
"Worn once, very pretty and good material. Message me if you have any questions :)"
Belt size 32-36 both are new with boxes
Women shoes colorful 12 wide
Bnwt Never worn Beautiful dress Beautiful print! Just doesn't fit
Price Is Firm the only sign of wear is on the front emblem - it is a bit scratched
New- size 4 Super soft!!
"Victoria secret bra, great conditions"
Mens lucky jeans size 38x32 slim bootleg Fading on back lower ankle area as seen in pics In great condition
"Ivory Ella Purple Ombre TShirt Size Xs, Worn only once. Price is firm, but you can check out my other items, Bundle & Save. [: | Tie Dye | Makeup | Matte | Anastasia Beverley Hills | Too Faced | Nyx | Elephant | Purple | Pink | Trippy | Hippy |"
Ombré Crewneck Sweatshirt S Barely worn at all! Very soft! Target brand
"Worn a few times, great condition. Unicorn print."
"It's in great condition used, shoes have some marks hard to tell, really not bothersome. Comes with 2 large dust bags and 2 mini ones with accessories. Size European 39. This retails for [rm],400 and is sold out in Australia and Us for this size."
Authentic coach signature monogrammed tye dye hobo purse. Large size
Size 10z men's. Open back slip on. Black fleece with flame and logo. Brand new in box.
"Real 925 sterling silver, 925 stamped, real crystal stones, will not change color, will not turn finger green Size 9 Please comment the size you want after place order Price firm"
Snake Print/Gold Tory Burch Miller Thong Sandals are a size 7 1/2m and were made in Brazil. These sandals have been very well kept.
Coach Chelsea crossbody handbag Color: black Size: 10 inches bottom length 11 inches top length and 7 inches tall Retail value: [rm] Includes care instructions card inside. Read my bio for the deal of the month and see if you can get a better deal! Just comment if the deal fits you and I'll adjust accordingly! 100% Authentic!
"These are brand new, purchased from the Nike outlet. Small blemish on the Swoosh in the inside portion of the right shoe (looks like a small glue mark, see second picture). The box top was ripped off to be put on display at the store, I can send it with the remaining part of the box or without it."
Never worn No flaws Very flattering
"New Reduced Price. Size 1 in juniors. Wash is a dark to medium wash with vintage whiskering and fading in the thighs. Slight distressing on the legs. Barely worn. Excellent condition. Low rise Tags- brandy Melville, free people, Levi's"
"This pink crochet long sleeve dress is a size medium from Lilly Pulitzer. It features a scoop neckline, slightly flared sleeves at the wrists, and pom pom trim. This dress is in good preowned condition with normal wear from being washed and worn. There is a small snagged area on the bottom of the back near the seam, as shown in the bottom of the last photo, and reflected in the price. Approximate measurements lying flat: length-32""; bust-17""; waist-14.5""; sleeve length-29"""
Look like Kendra scott Paid [rm]
"This is a Bv inspired large woven soft leather handbag by Sondra Roberts. It is a large bag in very nice condition. The close is top zip and the inside has 1 large compartment and about 8 pockets. Measurements; H; 10"", W 16"", D 5"". The straps fit comfortably over the shoulder with a 11 inch slouchy drop. Price is firm."
navy blue in color with elastic waist band and leg holes
Victoria's secret pink quarter zip jacket in awesome like new condition! Size small.
"Grey Urban Outfitters shirt size large but can fit like am medium! Like new, [rm] or best offer!"
Bnwt Lularoe Julia Size Small. Floral print on Navy Blue background. Free Shipping!
Boston red Sox Manny Ramirez baseball jersey in brand new condition. Men's size Xl and fits true to size.
Like new Army green and white Xs
New without tags never worn authentic burberry shirt size Xl dark camel color 100% cotton original price is 295$
Brand new with tags. Black background with tan/orange polka dots. Very cute!
Reposted for buyer On Hold
Pretty Little Thing Margot Black Lace Up Bardot Bodycon Mini Dress Condition: Like new Color: Black Size: Us 0 Retail Price US[rm] Bundle for free shipping!
"I got this as a gift and it doesn't quite fit me. This is a form fitting new design from Llr. It is true to size M. It is Bnwt, obviously never been worn or washed."
"Purple lululemon crops. In really good condition, only worn once. Stretchy material and comfortable."
Lot of LulaRoe leggings and a small perfect T All Os None worn just tried on
"Jesus Sandals, Size 7 in Women's! Like new, only worn few times."
"These heels were only worn once, otherwise left in my closet! They say a size 11 but they fit just like a 10! Very cute and simple shoes that go with a lot!"
"1pc Oversize Turtle Neck Plaid Poncho Cape 1pc black textured legging, size L/xl"
Victoria secret pink shirt bling size small front is open on the neck line
"Nwot Under Armour Womens Storm Armour Fleece Freedom Hoodie size medium, removed the tag no stains or flaws ( note: the white appearance in the third photo left corner is not a stain, it's the sunlight ) 100% authentic Features a soft, heat-trapping inner layer and a loose, fuller cut for complete comfort. A front kangaroo pocket conveniently stores essential items. 100% polyester construction Armour® Fleece is light, breathable & stretches for superior mobility Soft inner layer traps heat to keep you warm & comfortable Front kangaroo pocket Loose, fuller cut for complete comfort"
Brand New! Comfortable and flattering full on Luon fabric. Soft high stretch with added support and coverage. High rise and hidden side entry pocket to fit key or card.
Authentic Michael Kors Bag. Michael Kors Bedford Crossbody. Gently used.
"- Dont fit this anymore! Barely worn - No stains or imperfections - Size 32a - Retail [rm] - Pushup padding Price firm, I pay for shipping! Please dont ask. Tags: Pink / Victoria's Secret / Vs Pink / Pink Bra / Strapless Bra / Beige Bra / Pushup Bra"
Lularoe tc Nwot floral leggings very pretty
"New Woman's .925 silver bead bracelet. Beautiful, lightweight and comfortable to wear. * Length 20cm * Weight 10 grams Free Shipping"
Women's size 7 nikes. Beautiful purple and mint colored. Does have one flaw. Two small holes in front of one shoe. Not noticeable at all.
"Available in size medium. Tag says large but runs way small. Model is wearing size small. Reference I am size 32c & 0-1. Nwot, No brand Tags: San Lorenzo, Acacia, Mikoh, Boutine La, Midori, Triangl, Pink, Victoria's Secret"
"Perfect blue jean shorts! Go right to your belly button, cover all of your cheeks! Perfect condition. Size 24."
LuLaRoe small Joy new with tag. Grey sweater material. Brand new!!!!
Geneva Gold watch - slight scratches. Still has slot of life in it
"Handmade choker! Check out more choker styles for sale in my shop! Bundle two chokers for 7$ or 3 for 10$ Free Shipping Ships 2-3 days after you purchase, shipped with stamp! Free brandy melville sticker with purchase! Bundle two items for [rm] off or three items for [rm] off! lace choker , style , fashion , necklace , choker , handmade , 90s , lace , casual , trend , [rm] choker , accessory , jewelry , urban outfitters , pacsun , american eagle , brandy melville , forever 21 , vs pink, hoodie, nike, sweatshirt, varsity crew, leggings, tee shirt, crop top, jeans, abercrombie, american eagle, wet seal, tank top, aerie, tumblr"
"Size 9, only wore twice. A little dirty at the bottom but can clean them."
This is brand new never worn before. The back is completely mesh and looks very cute with a sports bra. The logo is in black. It retails for [rm]. Feel free to make an offer or comment with any questions! (:
Nwt Lularoe Julia size L. Feather print. Smoke free home. Free Shipping!!!
"Worn one time and found that they were just a bit too narrow for my feet. Only very slight wear on the bottom soles! Otherwise, totally love these shoes. Go well will so many different outfit options. Size 9. Tags: Zara, Old Navy, Gap, Banana Republic, Nike, Steve Madden, Saltwater, Sun San, Birkenstock"
Womens size 10 Gently used
Super cute and very gently worn in a size 6m.! Fast shipping!
Size 2 excellent condition Grey color
Lululemon black wunder under crops in used condition! They have pilling. Size 4!
"New without tags Vineyard vines skirt. White, pink, and orange stripped whales."
Worn couple times. No stains or imperfections. Smoke free home.
Perfect condition northface. Fuzzy and warm! Columbia. Patagonia. North face. Nike. Winter coat. Nordstrom. Pink. Victoria secret.
This is used but still good to use as u can see in picture that it does have some black marks and dont know where it came from more notice on back...see picture...Overall a good bag....Make sure u see pictures to see what u will get..Thanks
Zipper on the back. Gray color
Hollister Sweatpants size M 6/10 condition. Normal wear. Please make sure you know your size. Size M but I don't think they're 8-10
"Gray , 3/4 sleeved top"
2 pair of scrub pants size Sm Black pair are Sanibel Scrubs Red pair are Urban Scrubs ( Work it) style.
"Light wash skinny jeans. Worn only 1x. Great condition! Just too long on me and I'm 5'2"" :( says size 00"
-floral kimono -never worn -lightweight and perfect for hot weather
"Two vintage Cameo pieces. 1. Silver metal Locket pendant with filigree, green background and ivory cameo. It is 2"". 2. Goldtone metal, mirrored background with gray cameo. Pinback and a loop for a chain. It is also 2"". Free shipping."
"Brand new Price firm No trades Box included with 1yr warranty card and dust cloth. Metal: Stainless steel Finish: Polished Width: 12mm Length: 8"" Can be adjusted smaller Stainless steel will not rust, tarnish, change colors or turn skin green. Watch features quartz movement. Face is rose gold and stainless steel case. Band is stainless steel rose gold."
"27 waist 33 length Decorated with copper and silver hardware Silver studded pocket line, Silver studded leg hem line. Studded Flair Bottoms Bronco Styke Cowgirl Tuff Co."
Super soft cropped sweat pant. Good condition - no flaws. Tags Leggings LulaRoe Nike Small
Brand new loot crate exclusive kill bill vol.1 men's socks
Womens size 25 Inseam 29 In excellent condition No fraying or wear Have the distressed look on the front Price and shipping firm
Brand New Price Firm Free Shipping
Brand New Betsy JohnSon Blue Beautiful gold Necklace Beauty & the best necklace Same Day Shipping
"Boys size 6.5, women's size 8"
Donating tomorrow if it doesn't sell. Lowest price. This is the most comfortable maxi dress. It's soft and stretchy. Cross cross straps in back. Empire cut. Blue navy black white tie dye ombré look. I wore it a lot but tons of life left! From smoke free pet free home. Fast shipping.
"Great condition vintage Kendra Scott bib necklace. This was all original except two pyrite Morgan stones were swapped with original peach Morgan stones. There are still stones to make a set of pyrite Morgan's, a set of translucent peach Morgan's, pyrite Allisons, slate gray Morgan and slate gray Allisons plus more ! Great statement necklace or for stones to do Diy custom projects No tarnish or other flaws to note."
"This sale is for 1 Vs Pink Pantie. Color/Style: as shown on the pictures. Size: M Brand New in the bag (Only took it out to take pictures) Color may be slightly different from the photos. *price is firm! Package will be sent via Usps First class mail. If you want it to be shipped Priority, just add [rm] more. ~~ Please check out my other items ~~ * Bundle to save on shipping * Please remember I don't make any money from the shipping. I can combine shipping for you if you bundle with other listing. Usps priority shipping rates are: 0.5-3 lbs for [rm] 3-10 lbs for [rm] 10-20 lbs for [rm]"
"Shock your fan base with the Cyrano by Guess. A chic black leather career or outgoing sophisticated pump and presents a 4 inch heel. You can't go wrong with this on trend pointed toe style. This will go with everything in your closet and rivals the infamous and classic Christian Louboutin's. Style: Cyrano Color: Black Size: 9.5 Features: Real Leather Upper Man Made Sole Pointed toe Heel measures 4 inches Hashtags for exposure: business woman , check collector , Christian Louboutin , red bottoms , lemons, lemonade, Beyoncé, style, sun, fun, summer, laced , Express , Aeropostale , Bebe , Nordstroms , Wet Seal , Windsor , Dillard's , Macy's , ray ban , Uggs , Lancome , Clinique , Dior , Benefit , Cosmetics , Fox , Reading , polo Ralph Lauren , Old Navy , vineyard vines , Nike , Hunter Boots , banana republic , j.crew , the north face , Lilly Pulitzer , Patagonia , Under Armour , iPhone , Lululemon , Lularoe, J. Crew , Whbm , White House Black Market"
"New with tags Retails 58.50 purchased for 34.99 I bought this during the last Sas however it's just sat in my dresser so I'm trying to clean out a few items that I've never wore Disclaimer: I have two cats, however bra has not come into contact with them and will be thoroughly lent rolled before shipping"
Men's Xxl vneck long sleeve burgundy and navy blue shirt. Nwt
"The Always Go By The Size Chart .. """" Measure The Smallest Part Of Your Waist """" Size Chart Small= 24.4 ""to 26.8 M= 26.8 To 29.1 L = 29.1 To 31.5 Xl= 31.5 To 33.9 2xl= 33.9 To 36.2 3xl= 36.2 to 38.6 4xl = 38.6 to 44 5xl = 42 To 46 Available In Black And Beige From Small To 5xl I guarantee 100% Brand New,high Quality Competitive price,ultimate finest quality,fast shipping Top Rate Seller 100% Client Satisfaction Guarantee item-description Color: Black/Beige Condition: 100% Brand New Material:95% Ployester 5% Spandex Underwear Size:S/M/L/XL/2L/3XL/4xL/5XL Feature:Underbust Ocassion:party,celebration,wedding,birthday,dinner,show Garment care:Hand-washing only Highlights:4 Flexible Sprial Steel Boned sprial steel boned is more soft than steel boned $$always Comment Your Waist Size After Buy Ing The Post ..$$ Latex Waist Trainer Neoprene Belt Butt Lifter Tummy Freshlook Contac Lenses Padded Panties Also Available"
Kendra Scott Elles in white Have some minor wear. Comes with the dust bag!
100% Authentic. New with Tags. Color. Khaki/Pink Ruby
Lipsticks tc new still in original Package. Super bright and cute ready to ship Now !!
Silvertone Crystal Accent Stud Earrings
100% silk. Amazing pants from for love and lemons. Size small. Great condition. Comes with the Barcelona swim cover up- amazing piece to slip on over your swimsuit or to layer with! Only worn once and bought for full price.
Champion Sports Bras all size Small Like new condition Only wore a few times
Size medium Top part is sheer Colors: black & red
Under Armour slip ons boys/men's size 8
No rips brand new never worn
"Cute, worn once, my daughter decided to go through her closet.."
Women's size 9 Leopard Print Crocs Only worn a couple times
"Floral Twenty One, Forever 21 peplum dress. 28"" length in the back. Has tiny slit in back, shown in photo. Size small. New condition. Fits tight on mannequin. Mannequin is 34"" bust, 34"" at armpit, and 29"" under bust so--25.5"" waist. #fishnet #peplum"
"Black Long sleeve Under Armour mock turtle neck. This is cold gear from before it was marketed as ""coldgear"" worn a few times. All times hand washed and hung to dry. No snags, pulls, rips, or discolorations. Great for layering for sporting events! I have 2 available!"
Slightly worn just needs good cleaning size 10.5
White vs long sleeve. Great for the weather thats coming :)
Nice pretty top. No stains. Fits so cute. Size lg
Item is brand new Makes a great gift for any occasion Free shipping
"[rm] dollar clears. Size 10. Lightly worn. Great condition. Comes with box, receipt, bag and Adidas shoe horn. Let me know if you have questions. Dominate your rivals with ultimate quickness in these men's soccer cleats with a laceless adidas Primeknit upper for precision and total control at high speed. Designed for firm ground."
"Brand: Vs Pink Size: Small Style: low rise boy-shorts Brand new with tags These are no longer available in stores or online ""Bite Me"""
Only worn a few times. Great condition. No wearing on strap.
"Sale!!!! It's Back To School Time!!!! What an awesome way to start off your school year!!! Beautiful Michael Kors Rhea Backpack!!! Euc! 10 1/2""w x 12 1/2""t x 5""d. Interior : 1 zip pocket, 3 open pockets, & keychain. Top handle, adjustable back pack straps, 3 zipper closure, gold tone hardware, & 2 exterior zip pockets!!! Still smells new!! Used maybe twice and then never used again. It's just not my style personally. Cream and Tan in color. My loss is your gain!!! I am paying the shipping for you!!! I can and will ship the same day you purchase, if the purchase is prior to 3pm, Monday - Friday Please be sure to ask any and all questions Prior to your purchase Please don't forget to rate your purchase so I can then rate you :) Thank you!!!"
Tall Sorel Sofino's - Size 7.5. They're red and black and are very lightly used. I bought them last winter and have only worn them a few times.
White with silver lining with sliver buckles. 11 wide.
Brand New With Tags Medium Randy from the Americana Collection Very Rare Major Unicorn Wonder Woman shirt with red body and blue sleeves with stars. Free shipping Comes from smoke free/ pet free home
Condition: New Size : adjustable
Bcbg black patent leather wedges Size 9.5 4 inch wedge Worn once to a wedding Pretty comfy!
Nwt Bra Size - 32d No trades!!! No free shipping!!! No holds!!! Price Is Firm
"Price Firm ‼ Don't ask me for the lowest price pls , you have a free shipping New With Tag - size M oversized fit Bundle to save No Trades No Holds No lowballing I ship via Usps - First class and Priority mail the same day or next day Allowed Usps to update tr.number 24 to 48 hours after i hit button Shipped ‼ I won't be answering question When will you ship When will my package be arriving My tracking # does Not work ( needs time to update by usps which takes time ) Right after you make a purchase Feel free to ask if you have any question Thank you - Patkat"
Only worn a few times! Synthetic brown leather. Elastic bands on sides makes it easy to take on and off. I also had heel grips added for comfort. A small scuff mark on the sole of front right toe (picture 2) but not noticeable. They're comfy and stylish for this upcoming fall! Bought last year! These are a sister brand to Steve Maddens. It's like the Old Navy to Banana Republic. Quality isn't as high but very stylish and cute!
So cute and delicate!!! 100% cotton. New in original Victoria's Secret bag!! Great gift !!
Free shipping Victoria's Secret New with tags Size M
Women's size 8 Men/Boys size 6 Wore once. No box. No sign of wear and tear. No creases. Must Go
"Only tried on once, hence the bottom being dusty. Bought from another seller, a little snug on me. Marked inside to prevent reselling. There's a tiny mark( see photos)"
"Great Pre-Loved Condition! Dark Wash & Stretch, size 8 Very comfy! *small stain on left knee, barely noticeable*"
"vs pink shirt, never worn just without tag!!! if you buy this, it helps me with my education money:)"
Latch slightly scratched. Hardly noticeable
The material is super soft and light. Perfect for when you want something with sleeves that won't make you over heat.
University of Kentucky Wildcats adjustable bracelet. Brand new. Multiple available and price can be adjusted for buying multiples. Ncaa jewelry gift
"Brand New!! And yes it works! 9"" inches long Colors Available: White, Black, Red, Blue & Pink"
Carly 3 leggings kid cassie Rachel's only all others will be cancelled
"Was labeled a ""promise ring"" in store. A cute little Size 8 Ring."
Grey hooded cape fits all sizes
"Nwt Tc LuLaRoe Pink and Red Hearts with Pink Background Valentines' Day Leggings / Holiday Leggings / Valentines' Day Holiday Leggings / Llr And Medium Shear Black LuLaRoe Lindsay with bats Bundled together Made In China! -Never Washed -Never Worn -Smoke Free House -Pet Friendly Home - you may get a dog hair on or around your leggings / packaging of leggings - I do my best to get rid of all dog hairs before shipping, but I have 2 shedding, adorable pups. I'm sorry!! But the leggings are all new and should Always be washed before wearing anyways..."
worn more than a few times but good condition & no flaws size 4 jegging
Womens black and white cotton tribal dress. A little bit past the knees. Size: medium. Brand: natural reflections from bass pro.
"Price is firm! Authentic Tory Burch Thea Leather Hobo Has Very Very Small Imperfection On Back Of Purse Light Oak An everyday hobo is cut from rich, lustrous pebbled leather in a slouchy silhouette. An embossed logo lends subtle branding to the chic style, while piped edging and a pair of swingy tassels add extra panache. Like new condition, store display Top carry handle. Interior zip, wall and smartphone pockets. Logo-jacquard lining. Leather. Size Info 11 1/2 ""w x 11""h x 6""d. Msrp [rm]"
"# G13553l retail 125.00 Watch is in Great Condition. But not flimsy this is a heavy, solid, and durable watch.."
Old navy denim dress. Button detail to front with elastic band. Straps are adjustable. 2 side pockets. Bottom slits. Hits right below the knee. Size xs.
Authentic size 71/2 true to size in my opinion. Good worn condition no smells stains or rips.
Unicorn. Lularoe black and whit mountain leggings. Super hard to find. Extra soft and stretchy. Black and white goes with anything but the print on these is jus gorgeous!! Size Os Brand new never worn or tried on I ship same day!! Keywords solid black floral scribe vine paisley elephants bears mosaic deer anchors arrows mustaches animals birds
it has a long strap so you can wear it on your shoulder or as a cross body
pink ipsy button clasp bag Makeup bag pouch cosmetic bag pretty dainty pink blue clear black white zip up transparent design pattern ipsy Ae drawstring zipper close store organizationp
"Super classy top, size is flexible but is marked as xxl"
Sz Sp price Firm. This jacket is in Like new condition
"You get both! Cars: worn once, light wear as pictured in last photo. Blue Aztec design leggings: new without tags"
"100% Organic & Effective!! *****Kid Safe :) •Our Activated Charcoal and Bentonite Clay toothpaste works to Whiten teeth, freshen breath, and protect your gums! •[Unfortunately, majority of commercial toothpastes (especially whitening) are filled with dangerous chemicals and toxins that slowly erode our tooth enamel & gums.] Brushing with our paste is an all-natural way to remove stains and discoloration without any bleach or abrasives. It's also effective in preventing cavities and killing the bad bacteria! •Dab your black bristle, biodegradable, Bamboo toothbrush into jar until you get your preferred amount of paste. Then brush directly onto your teeth. After 3 mins, rinse away the Charcoal & Stains ;) •Ingredients: Activated Charcoal, Bentonite Clay, Coconut Oil, Sea Salt, Purified Water, Pure Therapeutic Mint Essential Oil, Baking Soda •3oz container. 1 month supply • Single Bamboo Toothbrush"
"Worn a few times. Good condition, Mark on the right knee might come out. Knockout collant. Will bundle"
"Gold metallic Ugg Bailey Button boot. Women's size 7, comes with box! Make an offer!"
"New in package. Price And Shipping Is Now Firm. Only One Left!!!! Infinity Wrap Bracelet Love Harley Davidson Motorcycle Biker Beauties Birthday Gift Graduation Present Summer Fashion *Reasonable offers will be considered. *Lowball offers will be ignored. *If you would like to bundle items, feel free to contact me. *Questions will be answered as soon as time allows. **Please check out my page for more items! Thanks for looking! :)"
"Snapback Grey, white and black One size fits most"
Black white and pink floral lace shorts. Size medium but fit like a small. No flaws just a few strings from the lace here and there. Make a bundle today!
Cute Lululemon tank top size 4. Overall this looks really cute. There is some spots with pilling. Also the strap in the back is a list slightly yellow. The cup inserts are not included. There's a minor stain on the front of the shirt.
Michael Kors long Maxi Dress with side slit. Navy and gray in color. The material is very lightweight and very comfortable. Size Medium.
Only work about a handful of times. Keep in very good condition!
"Victoria's Secret Workout pants Brand new Size: Small Retail price is :66,50 before taxes"
Spacious Nine West shoulder bag. Black. Approximately 16x11. Very spacious.
Dallas Cowboys Betty Boop 1 women's Top size Medium 100% cotton *free shipping
Brand new without tags! Lightweight and super soft! No trades please. Not Pink but listed for view-ability.
"Brand New, never worn! Color Capucine [rm] authentic Christian Louboutins, with box and bag 120 Patent - fits a normal size 8"
Color is kelp seas - New with tags - price is firm - ship same or next day
Fits up to a 7 inch wrist. Bicast leather. New in sealed package (see last picture). Price is firm. *items are deleted &nd relisted often
Brand new! Updated to free shipping!!!
-These jeans are skinny and in perfect condition. -It's in a size 3 and the back pockets have little lightning bolts on them. -Purchased from HotTopic. Jet by Hot Topic Denim. -Bundle and save y'all.
For sale is a Coach wallet. It is in good to fair condition. It has a 5 card slot and with coin purse. The zipper opens and closes and the button closure works perfectly. There is some warping on the outside edges and some creasing in the leather. The inside of the coin purse has some straining from coins. This item comes from a smoke and pet free home.
New with tag not attached One Size leggings Made in Vietnam Price Firm *sale Price Until 3/15*
Super cute Victoria's Secret Pj bottoms size large! The first pair is a white and Peach floral pair good condition and the second is a pink pair with polar bears good condition! These are preloved but still in great shape! Check out my closet too!
"Only used once, Louis Vuitton Bookbag, no bust bag or box lost in flood. Amazing in person. No refunds too much of a hassle"
Really pretty blue flower top with beautiful open design back. Brand-new with tags. Size medium
American eagle size 30/30 men's jeans
"Wildfox part of the ""Barbie loves wildfox"" limited edition line ""i Love Ken"" Bbj Size medium Brand new with tags [rm] retail sold out everywhere Price is Firm Ship within a day from my smoke free home"
"Worn Good condition 100% cotton Tailored Slim Fit, fits the body better"
Bundle deal akademiks jeans 2 pairs . Size 16 with stretch
A34 Vs in great condition lots of padding :)
Brand New! 14 Gauge Surgical Steel. Ships for free through Usps with tracking. Price is 100% firm I do not hold items. Check out my all my items! Bundle discount - 2$ off additional item(s) purchased ***Requests to cancel orders will be accepted within 2 hours of purchasing . Otherwise a shipping label will be generated and I will be unable to cancel. Thanks for looking! Belly Button Ring Navel Piercing 14g Surgical Steel Body Jewelry New
"Brand new from boohoo Snaps at bottom Tags: Forever21, Boohoo, FashionNova, NastyGal, Gojane, MissGuided, Brandy Melville"
"New Victoria's Secret Body Bbv Unlined lace demi Black Bra sz 38 C This does come to you in New with out tags condition. Never worn. This bra may have slight cup creasing due to storage Inside label is white lined ( see pic ) to prevent in store returns. Sold As Is Black color, semi see through unlined black lace cups. Back straps unhook to make racerback if desired. Underwire, with adjustable straps. This bra is a size 38 C This is a Unlined- The most Natural Shape with Light support bra."
Beautiful new without tag brown bag. Free Shipping
One size fits all. Modeled after the old school animated batman cartoon with car seat like buckle
Abercrombie Mens New Royal Blue heavyweight Winter Jacket Size Medium Zipper and button closure Brand new with tags -retail [rm]
Only tried on! Stretch heel! Make offer
Size 9 8/10 in condition Little yellowing No flaws
"Strapless Backless Bra: All Sizes Available Features: - Brand new and high quality. - This is the latest stealth silicone bra. - It will instantly push up your bust and gives a deep cleavage. - It is suitable for wearing under all kinds of dresses at weddings, parties, functions etc. - It can be worn alone or with the ordinary bra. - After washing with water can be reused. - Plastic protective nipple area. - Great shape, comfortable, durable and breathable - Color: Beige/ Black/Pink/Blue Package 1xBra"
"Brand new Authentic Price is firm 16-18"" heart chain in silver"
Hollister Strappy Sports Bra with optional removable pads. Size small recommended for 32c/34b/36a
"Gently used has a tear by the zipper, if you can stitch this is a deal! 11 3/4 inches tall and wide."
Rare aztec Vs Pink gameday hoodie. Has hidden pockets. Very beautiful. Size small but can also fit someone that is bigger(has an oversized fit)
Brand new. New York beanie with Pom. Super cute and warm
"New, New Balance tennis shoes Size 9, woman's They are 574 classics Traditional Color- silver/gold I wore these around the house (inside only) for about 1hr. These are extremely comfortable and soo cute. I received these as a birthday gift. Unfortunately I have to wear special insoles in my shoes and they are to big for these shoes. They are an online exclusive style from Athleta. [rm]"
"Adorable chiffon type fabric skirt from old navy in excellent condition! Skirt hits right on the knee. Such a comfy and casual skirt, perfect with flats! Size is 0."
Bnwt! Very soft! The elbows are open for a super cute look!
"Nwt lululemon shorts, size 10!"
"Beautiful filigree cross pendant made by Michael Anthony, known for quality 14k religious jewelry. The pendant is solid 14k white gold, stamped with the Ma logo along with 14k on the bail. The cross has a filigree design throughout. It is about 1 1/8th of an inch tall with bail. Weighs .8 grams. Very good condition."
"Brand new black adhesive bra. B-cup. Strapless and backless bra that is held in place by a sticky adhesive on the inside of the cups. Adds a push up lift by clipping in the center. Perfect for strapless dresses, strappy tops, open back gowns, cut-out tops, bandeaus, crop tops and much more! Reusable, number of wears depends on personal care of bra. Will work with most band sizes (because there is no band, the bra is sized strictly by cup size). 32b 34b 36b use the B-Cup bra - this listing. Please note: these bras only work for band sizes up to 36. Black color. Price is firm for 1, bundle 2 for [rm]. Thanks for looking! Let me know if you have any questions, I am happy to help! Check out my other listings and ask for a discounted bundle :)"
Shoes For Crews - Old School Classic Purchased for my teenager who worked in fast food all of 3 days! Can look new after wiping with a damp cloth. Unisex - men's size 9 women's 10.5. Retail [rm] Water-resistant Genuine leather Cushioned insoles Stitch-reinforced toe
Authentic brand new with tags purse with matching wallet. Color is vanilla. Dimensions of purse 12x14x5. Zip around Wallet with metallic gold stripe 8x4.
Brand new with tags. Non smoking home. Gorgeous tribal pattern.
"Barely used, new condition. Wristlet fits all smartphones the size of the iPhone 6s and smaller. Most Vera Bradley smartphone wristlets range from [rm]-[rm]"
Michael Kors This is a beautiful bag. Only used for traveling a few times. Tons of room and the leather is soft and comfortable. Not even owned for a year. I purchased it a Dillards for [rm] on sale. Originally [rm]. Wear as a crossbody or tote. Minor scratches on the rear handle of the bag but hardly noticeable. The first pic shows the true color. You cant see it in my pics because my room lighting is very yellow
Gorgeous high neck detailing. Cut out in the back adds character to the tunic. Very flowy and comfortable. Cute to pair with dark jeans and wedges. Worn a few times and it's in excellent condition
"Brand new free shipping Price If Firm , Very Firm . Dont Ask For Lower Check My Store For More Teams ( Nfl , Nba , Mlb , College Football , Hockey ) But more save more ( you can mix your favorite teams 1 for [rm] 2 for [rm] 3 for [rm] 4 for [rm] Free Shipping Within 24hrs , shipping takes 3-5 days with tracking # ."
"Reduced [rm] Off, I Noticed Missing A Rhinestone Under Husk, Otherwise A Gorgeous Elephant Rhinestone Piece By Betsey Johnson. Authentic Pink Signature Card And Signed Heart Pendant On A Rose Gold 28"" Hollow Snake Chain Pendant with a 2"" extension. Save more money, buy another item and pay 1 shipping charge Ask Me!"
Vs pink size Xs sequins gold and silver color black
"Brand new without tags Never worn/ just tried on Been sitting in my closet ever since I bought them I don't wear joggers anymore Bullhead skinny jeans 32-36 inch All black Size large, could fit an Xl Bought for 40 Stussy hundreds obey huf hypebeast 350 750 Kanye yeezy adidas Nike"
Super soft! Like new condition! Fitted legs come to ankle and can be rolled or pulls up. Shipping fee included in price.
Nike Jordan Youth Cable Knit Pom Beanie One Size Fits Most Never Worn
Good condition size Med Sequence Bling Vs Pink Victoria secert
This soft knit dress has a fitted skirt and blouson type bodice with a cowl neckline. The skirt portion is lined. Very cute on and comfortable as well. Gently used but still in great condition. Misses size 10
Super cute lucky brand necklace :)
It's a very thin material. And although it says Xl it's more like a med to large. Brand new.
"Victoria Secret ""pink"" leggings / Size Small / condition good / No Trades, so please don't ask!"
This one is Black! Everything has it's place and your purse stays neatly organized. No more digging in your purse! Makes changing your purse as easy as grabbing the handles of the organizer and popping it into a new purse! Free shipping.
Gorgeous Vintage Prada bag!! Stunning bag. Has some wear marks and handles have some peeling but its a vintage so other than that this bag looks amazing!! The colors make it look super vintage and fancy!! Authentic.
Blouse By Bebe Strapless The Color Is A Light Brown The Bottom Is Cotton The Top Is Silk The Size Is S It Comes From A Smoke Free Pet Free Home.
V neck shirt... hardly worn.. in pretty good shape!
Sweater purple tall uggs booot.. Size 5..good condition
These Are Workout Leggings They Have A Bandage Waist So These Are High Waisted Great Conditions These Retail For [rm]
New With Tags men size medium
Victoria secret Pink yogi leggings. They are made of a athletic material and are Not cotton. They are Not see through. They have a maroon logo band. They are a size large and are full length. They are in great condition. Comes from a smoke and pet free home. ****The band is maroon**** Faq: Can I bundle? Yes and when you bundle you get a discount for Any of my items. I ship very fast How fast is shipping? I usually Goto the post office every other day except for Sunday's. I use usps which has very fast shipping. Are there returns? Yes you can return your item if it is not the item I described and in the photos.
"new with tags/new in online packaging size large (two thermals) No Holds, No Tr-a-des. please don't ask me my lowest! i offer bundle deals! Pink victoria's secret NinasCloset"
2 vintage very pretty Victoria's Secret chemises sold as a bundle. In very good condition. Size Large
Size M. Black polo. Bought for [rm]. Worn 5 times. Can bundle.
"New. Any questions feel free to ask. Xoxo Retails for 60. tags: Halloween costume , Halloween accessories"
"Size 4 kids = size 6 women's U.s. Basically brand new, worn once, no signs of wear/tear. Adidas torsion black and grey with gold adidas sign & purple shoe strings."
"A Nice Red Jordan Cap, The Whole Cap Has A Special Design All Over It, Even In The Brim, And That Chrome Looking Logo, That Right There...i Just Had To Get It... Its A Youth, But Im A 7, And It Fits Perfectly Available in red, black, gray and white. Please check out my closet for other colors."
"A red and white cropped tank top with a v cut, fits tightly and can definitely be worn without a bra if desired to do so. Very cute and trendy. Tags: crop top, cropped cami, F21"
"Good condition. No free shipping. Price firm. For bundles: most bundles will be [rm] shipping If you would like to bundle, comment on each item, I will make everything you want free shipping, except for the first item. Items will be shipping together but purchased individually. Sorry but I have had to many people ask for bundles and never purchase. This makes it easier for everyone and you still only pay shipping once"
Selling As Bundle 7 shirts for 50
New With Tags! Tiny stripes
"Excellent condition. Price and shipping firm. I do bundle, just ask."
Two vineyard vines hair ties that cause no damage or crease in hair
"Size large fit a looser fitting large. Faded look, was like that when purchased maybe a tad bit more from washing ot omce"
"Purple and red Nike Air Max size 8 women's shoe. The laces and mesh are still super white and the bottoms are barely worn. They have only been worn inside and in a gym, never outside."
"See my other cute items** loose, size medium, polyester and cotton."
"Big Victoria's Secret patented leather bag with angel Polaroid style pictures inside. Glitter letters. Similar to Nasty Gal , Asos , Urban Outfitters, American Apparel, H&m , Versace , Kim Kardashian , Kardashian , Kylie & Kendall Jenner , divaboutique , the_boutique_, fashion nova , forever 21, Pink , Victoria's Secret , Adidas , Free People , Missguided , Zara , Topshop, Nike, Lululemon , Athleta , Fabletics, Yeezy , Kanye West, Similar to: Kate Spade , Purse , Collectors , Michael Kohrs , Dooney and Bourke , Coach , Versace , Ysl , Saint Laurent , Gucci , Handbag , Vintage , Chanel , Quilted Bag , Clutch , Hobo bag , shoulder bag , Lululemon , Lu Lu lAroe , Beach Bag , Shopper , Tote , travel bag"
Brand: Toska Size: M Condition: Good Material: Polyester/ Spandex / Rayon
New never worn 925 sterling silver peridot cz flower ring sz7 Bundle and save. Always free shipping on my jewelry 1 of my [rm] pieces of jewelry....[rm] 2 of my [rm] pieces of jewelry....[rm] 3 of my [rm] pieces of jewelry....[rm] 1 of my [rm] pieces of jewelry....[rm] 2 of my [rm] pieces of jewelry....[rm] 3 of my [rm] pieces of jewelry.... [rm] 1 of my [rm] pieces of jewelry....[rm] 2 of my [rm] pieces of jewelry....[rm] 3 of my [rm] pieces of jewelry....[rm]
"Brand new size small . Retail price is [rm] , I was bought it during the semi annual sale [rm] . Price is firm . Will not lower price , sorry ."
"Sexy corset style top that is sweet and classy enough for everyday. this spring floral top is strapless cinched at natural waist and flares out a little to hide any imperfections. Can be dressed up or down. No visable flaws, comes from smoke free pet free home"
Never worn. Very cute. Just never fit me properly. This is an Xxl not a 2x. With this line there was a significant difference in those sizes. Please be aware of that. Tags removed but never worn
Nude and black plunge dress never worn! I'm pretty sure I bought from nasty gal website can't remember tho!
"So nice! Pseudo-suede with 3"" wedge. Really comfortable and easy to walk in. Offers Ok."
Vs Pink size small Sequined heart flag Like new!
Nwt Under Armour Compression Shirt. Size Xl. Camouflage like pattern. Part of the freedom series.
Brand new never washed never worn & Free Shipping!
Necklace and Earrings New without Bag
Once worn a couple of times still in perfect condition no rip or stains
Coach cross body. Used 3 times.
Hit me up with offers
Brand new body suit never worn. Size Small tan colored with sliver sparkles.. perfect to wear for a night out.
Great condition! No flaws :)
"Hollister men's Xl sweatshirt, heavy!"
"- (1) Authentic Calvin Klein Black & Gray Lounge Short or Pajama Short Set -Brand New, with tag -Size Medium -(1) Black Lounge Short (1) Grey Lounge Short -(1) Black Lounge Pants -(1) Grey Lounge Pants -(1) Royal Blue thong (1) Black Thong -Sorry No Free Shipping! No Returns -My prices are already discounted as low as I can go. Please don't ask for a discount. -i would be glad to put together a bundle for you which will help save you money in shipping fees. -If you see a piece or a set listed but not your size/color please ask, I probably have it. -i can switch out a top or bottom size for you in a set. Tags: Calvin Klein boy shorts Ck gray underwear pj's pajamas Women's sleepwear lingerie Knit Sleep Shorts 10SeaGirl Lot 690"
Retails for 14.99 at Target Size is Xl but fits more like a Large New with tags!
Lululemon Jacket in size 12. Off white color with minor pilling. I really have no idea of the style name but it's one of their longer jackets.
"Two ladies Bebe tees Scoop neck Salmon is an xs Yellow is sm No flaws, like new"
Size 11 men's. Never worn.
"****** Fur Bra And/ Or Slides ****** Bra And Slides Together [rm] Bra And Fur FlipFlops Together [rm] Bra By Itself [rm] Slides By Itself [rm] Flip Flops By Itself [rm] Comes With A Free Choker . Price Is negotiable ! After Purchase Message Me Color And Size ! 4 Month Warranty. If Fur Gets Pulled Off Or Whatever The Case May Be Just Message Me And Ship To Me , Ill Fix And Ship Back For Free"
Color: Cream/Off White Size: 7 & 1/2 Worn Only Once!
In very nice condition with no holes or stains. Free Shipping
Heavier material. Feels nicer than most carly materials. More of a royal blue than photos appear. Embossed floral texture. Nwt. Smoke free pet free home.
Hightimes. Sz 4. White with greys spacedye. No holes rips tears or stains. Great condition.
size 13 Brand New Still has tags selling cause they are to big for me.
Shirt with sleeves & criss cross back. Tribal design. Lace/crotchet on bottom. Brand: Cato Size: Large •all clothing purchases come with a free gift•
"Florida Georgia Line American Flag and Truck Tank Top Size Large Like new, no flaws at all!"
Size 4y in kids. I am a 6.5 in women's and these are a little snug. These have been worn a lot and have wear to them!!!!! Price negotiable
"One pair of black lacy stockings from Adore Me. Inside the lacy part, there are sticky elastic to keep it up. Thigh high. Adore Me - St. Tropez 12 Den. 88% Polyemid 12% Elastan. Never Worn. Original price for one - [rm]"
Pink by Victoria's Secret campus crew Color: sweet lavender Oversized fit Xs brand new in online packaging Thanks for looking! Check out my closet :)
Faded Glory 24w Long skirt 3x Excellent Condition Bundle to Save!
Green tank 10.00 it's new Blue top 5.oo Grey republic top 5.oo Coral one free Grey & white tank 4.oo Grey & white top 5.00 Mens jacket free
Kate Spade Wristlet The only flaw are red marks on the back of the wristlet.
"Pre loved Zara Basic faux leather & suede combination skirt size small. Pulls on, elastic waistband on the back and two pockets. Measures about 24 inches in length."
Very comfy dark navy w white teim on neck and sleeves. Retail 35.00
Size: Middle Ring Is A 5 1/2 2 Outer Bands Are A 5 3/4 Stones: Beautiful White Super Sparkly Stones. Bundle and Save!! Ring Box Is For Display Only. I Delete Posts To Post Again So Follow Me!! Please Take A Moment To Look At My Other Items. Thank You!
New Nmd women Size 8 100% authentic or money back
These glasses are for fashion purposes only. Used only one time for about an hour. Black with pink interior. Purchased from Claire's in the mall. Great condition and no scratches.
"New with tags, Victoria's Secret Vsx strappy sports bra size L but fits like a Medium, so I'm listing it as such."
New with tags. Price is firm unless bundling!
Victoria's Secret Pink Michigan State Spartans zip up hoodie. Gently used. No flaws besides the fact that it is missing the strings to tighten the hood. Size extra small.
Bathing suit is off the shoulder and extremely cute. Never worn before except for to try on. Does not fit me so I'm selling.
"Like new, barely used! Size large It was too big for me, I did make an extra hole as seen in photos Thanks for looking!"
Youth size 18/20 cream colored Columbia fleece jackets with pockets in excellent xondition. This is a youth xlarge I believe but I bought it for myself and I wear women's medium to large.
"Super cute American Eagle tropical floral pattern flowy shorts that almost look like a mini skirt when you where them. Beautiful colors of blues, whites, purple and pink/peach. Size medium Tags: Forever 21 Charlotte Russe Pink Victoria's Secret Summer"
"From the live, love, dream Aeropostale collection. Fits Xs-s. Like new"
"North Face - New with Tags Womens Osito 2 Jacket Tnf Black / Curry Gold Size: Large (Checkout my other listings for this same style and color in M, Xl and Xxl) Description: One of North Face's best-selling fleece, this incredibly soft fleece jacket has a tailored waist, a cozy oversized collar, and comfortable stretch cuffs and hem for a flattering fit. Jacket is a pure black and accented with gold North Face stitched logos on the front and back. Features: Soft Silken high-pile raschel fleece Relaxed fit Hardface stretch fabric at cuff Two secure-zip hand pockets Hem cinch drawcord 100% polyester Silken fleece"
"Authentic sterling silver Tiffany small beaded chain. The chain is broken and needs to be soldered. Sold as is, no box or pouch. 18"""
This dress is in perfect condition I've just never really gotten to wear it!
Rust cokored bkazer with blue lining. Like new
New Lowest price include shipping and selling fees Can be used as lunch bag to No offers Only 2 left Extra 2 off when u purchase until promotion ends Friday night
"I will not let you purchase if you dont have at least 3ratings/if you have mostly bad ratings due to past bad experiences! Must also be active and be able to accept the item once you receive Brand new never worn and photo above is actual product taken by me! Approximately 11in long with 3.5in chain extension Free brandy melville sticker w purchase! Bundle two items for [rm] off or three items for [rm] off :) Important Pls Read This will be shipped in a stamped envelope (no tr@cking) so if you need tracking itll be [rm] extra, pls lmk before purchasing for the price change if youd like to do so I will be shipping tomorrow! Please allow up to 1 week for item to arrive, may take a couple days longer depending on where you live and if Usps has any delays. Most people receive within 3-5days average. Price is Firm unless bundled and asking for lower will be Ignored as I am paying for shipping already! Please also make sure to read my Shop Policies under my bio, thank you!"
Size 6 in good condition there is wear and tear but still has a lot of life in them
"2 packs, 3 pair each. Solid white and multi color."
This Men's jersey is very comfortable and is authentic. It is a perfect gift for people who support this team.
Gray and black bust is 46 in.
Victoria's Secret Designer Collection unlined bra in lilac
Perfect for cold winter runs. Absolutely adorable! Worn very few times.
New with tags mosaic deer head Madison skirt. Hard to find print. Size Xl
"Nwt Michael Kors bag Saffiano Stud blue small satchel one arm strap and one shoulder strap (detachable) 5 pockets inside one envelope pockets outside bag feet @ the bottom. 8""t. X. 10""1/2. (Strap drop 4"" small). 21"" adjusted to 5"" longer"
Red rubber watch. Excellent condition. No scratches. Straps intact. Comes with box. Needs Battery
Does Have A Little Wear & Tear . The Inside Does Need To Be Cleaned .
8x5 inches small handled purse
"super condition, red leather Born sandals, . Wedge is 2 inches high. High end sandals"
Great condition! Kept in case!
"Nice authentic Sterling silver Tiffany I Love You script heart charm or pendant. Box does not come with the charm. The heart is 1"" long."
Pink nude and black Colorblock Wallet
Banana republic gray sheath dress with white trim around the round neck and Sleeves and black piping back zipper fully lined a great dress for work and after.
"Styled in lightly-textured leather luxuriously imprinted with a rich paisley pattern, this compact, yet pocket-filled wallet from Michael Kors secures via an elegant twist-lock closure. Interior features 3 pockets, 4 card slots and 1 Id window. Excellent condition. Never used. From smoke free home. Loc Cl3"
Condition: New with tags Style: Wunder under Pant Iii Color: Greyvy Size: 6 Features: Hidden waistband pocket Firm price!! Price is non-negotiable!! Please check out my other Lululemon items! I ship within 24 hours! No Lowballers please!!
Nwt of blue ghost LuLaRoe
- 85% Polyester - 15% Rayon - Runs True To Size
"New with tags authentic Gucci Mens Belt Size 95 which fits mens waist 32 - 34 nicely Grey Shiny Imprime Belt With Grey and Black Buckle The pictures are all taken by me **comes with Box, Tags, Dustbag, and Shopping Bag... Makes great gift...This is a very gorgeous Belt, Satisfaction Guaranteed I ship with Usps priority mail 2-day shipping"
Bundle of 4 different blazers and coats Black with pink - size 12 petite Black short peacoat - size 6 petite Brown and black - size 9 Beige - size M
Tom's canvas slip-on (7) Sky blue. Have only been worn 4 times.
"Men's black Levi 569. Worn once!! Absolutely perfect condition. No rips , wear, or damage. Purchased last winter at Macy's but they were too small on my son."
size m never wore amazing condition
Great condition Vs Pink shorts for relaxing or sleeping :) so comfy ! More vs on my page bundle for a deal!
Brand new with Tags Wvu Pink (Victoria Secret) Tee Shirt. Size small. Comes from a smoke free home.
Nwt Off shoulder top Ivory color Size L
"Excellent Gently Worn Condition Worn Only One Time Low Cut Neckline Mint Ombre Colors Lightweight Spandex Cotton Blend Very Stylish Yet so Comfortable Similar Style Tobi, Windsor, Lulus, Forever 21, H&m, Charlotte Russe , Fashion Nova, Wet Seal, Guess, Missguided, Nasty Gal, Papaya Summer Dress *sale* Any 2 Dresses For [rm] Any 3 Dresses For [rm] Any 4 Dresses For [rm] Plus Shipping Includes Cover Ups* No Free Shipping No Holds"
"Bundle Deals ¤ Bundle 2 listings, save [rm] ¤ Bundle 3 listings, save [rm] ¤ Bundle 4 listings, save [rm] Comment or message to make a bundle ========================== Listing Details 1 Pair of Oversized Round Lens Glasses(9026) Gold Frame Silver Mirrored Lenses Oversized Lenses Nose Pieces High Quality 100% Uv Protection Men or Women 1 Free Black Microfiber Pouch ========================= Shipping Details Fast & Free Shipping All orders ship within 24 hours of purchase Monday - Friday. Orders on weekends/holidays will ship following business day All orders include tracking information. Most orders arrive within 1 to 3 Business Days from date sent. ======================== ShadeME - What's your style? ======================== Oversize Round Glasses Vintage Gold Silver Mirror Lens"
"2 bombshell plunge bras from Victoria's Secret, size 36 C 1 bombshell 36d All lightly used but good condition"
This purse has been in my closet hanging for a little while with no use. I bought it brand new. No tears or rips.
Nwot Tc airplane leggings. Tried on but these just aren't for me. They're gorgeous colors though. Free ship. Price firm.
"La sportiva, rock climbing shoes."
Nfl sweatshirt material backpack/purse bag. Atlanta Falcons with Breast cancer emblem. Nwt
Hammered sterling silver with dangling beads in shades of peach and browns.
New with tags Victoria's Secret rose gold passport holder Free shipping Price firm
New with tags Compact id wallet Signature New
"Brand new, in great condition."
"Women's Waterproof Carhartt Coat size small (could fit a medium or even a large as long as you aren't super tall with long arms). It's a sage or olive green-ish color, with a detachable hood and nylon-spandex wrist protectors with thumb holes. The coat does not have any holes or rips, however it does have some mildew stains (see photo #2) from being stored away before being completely dry (has since been washed), these are dark freckle type markings but are only on the back right area of the coat and where it would curve from your back to your side (some along the bottom of the back). This is reflected in my price, it is a cosmetic flaw that doesn't take away from the purpose and overall appeal of the coat. (i didn't even notice until I went to take pics of the coat to sell). It's a great coat!"
this is a gorgeous olive green dress. Never Worn! so flattering too because it hides the belly but makes your butt look so good! it's really hard to photograph on a hanger so i attached the websites photo:)
Cute tank for spring/summer hot pink size 6 no flaws
Fashion jewelry. Perfect for a night out. Selling it because I don't use it and it's too big for me.
Medium Lindsay (10-20) and Tc leggings
Super soft Worn once Fits like a small
Brand new pink leopard print vans never worn tags still on. Just ordered and received in mail.
"Stunning wide leg jumpsuit! Perfect for a fancy date or special event. Doubled layered and very luxe. The stitching did come undone on the top front part but has been restitched. For this reason I am selling cheaper but it is still in excellent shape! I am 5'7"" and wearing 4"" heels. Jumpsuit is size small"
Nwt vs pink outfit sz Small Ultimate strappy sport bra and yoga leggins sz Small
Brand new dashiki top/dress is unisex. One size fits most. Fits a small - 3x Ps. Patterns and colors maybe slightly different.
These are cute and small!
"Victoria's Secret Pink Low Rise Boyshort Size: Small Dark Maroon (last photo more true to color) **Brand New** From online order, so no actual tag Will be sent in original package (Only took our for photos) !!**Bundle to save on shipping**!!"
Size 6 no free shipping please see all pictures! No odors in good used condition from a smoke pet free home
"Leather cut out detailing in geometric shapes with a suede platform. These shoes have approximately 5"" heel with 2"" platform so they make your legs look super long but still very comfortable to wear because of the platform. Worn once or twice as you can see almost brand new on the sole of the shoe. Size 7 but fit larger than usual so feels like a 7.5."
Lace detailing over light wash denim. Gently used but no damage.
"Good gently worn condition! Size M Plaid Ralph Lauren ""Blake"" button down collared shirt. 100% cotton. Bundle with another item and save 15%! Fast shipping!"
"3 Victoria's Secret Pink Antibacterial Hand Gel • Price is Firm •no Trades •no Holds •pet-free, Smoke-free Home •new with Tags •myvanitycloset• {mvc_uc/n}"
"Lularoe Carly dress. Solid black. Size Xs. Nwot. Soft, almost legging material feel. Free shipping!"
Women's Irish sterling silver claddagh ring. Unsure of size possibly 7 or 8. **Please check out my page for more items!
"Nwt Junior size 7 Medium Black Lee jeans regular fit, tapered leg, fitted seat & thigh, inseam 30"", & waist 26""."
"Size L, rayon polyester, elastic, ruffle around top, beautiful color pattern, size L for bigger busted gals, not Sheer covers torso, is longer in back than front retail [rm]"
Excellent condition No signs of wear
Very nice high end mens gucci sun glasses
"The pink is actually a medium and the black is a small, the has a low cut with those strings going on which is so in and cute! And can't forget about the holes which make it look so punk love it"
Bnwt! Nice for the cold winter months!
"4 Vs Pink 34 B bras; 2 lace date push up bras; one orange and one light purple, 2 strapless push up bras with no slip grip inside bra; one pink and one purple. Gently used; no rips tears stains or fading! Bundle and I'll offer a discount plus save on shipping!"
"Mesh Rose embroidered bodysuit. No bottom snaps for this style. Has some stretch. No Brand, boutique item Size Xl, has adjustable straps. Would also fit L"
Perfect For Christmas =) 3pcs brand new necklace big sis middle sis little sis Comes with extra mini gift bags to put the necklaces in Price is firm After Nov 21 I Will Not Longer Offer Free Shipping Due To Mer Taking A Fee Bundle and save on shipping Free shipping Won't respond to offers
New with tags. Staring at Stars from Urban Outfitters. Accordion tube top in ethnic print and brass buttons. Sz xs. This is a great boho gypsy layering piece. Pair with a high waisted midi skirt and a super slouchy mohair sweater.
Long silver gem necklaces. Two in one. One tear drop. One horn. Both Brand New and unworn. Open to offers - just comment.
Red Plaid Black Belt 65% Polyester 35% Rayon
not an average sized bookbag its kid sized
"Plastic, lace-print pattern with pink details. Used a handful of times and in great condition."
"Off the shoulder, high waisted bikini - brand new, never been worn (hygiene liner still in swimsuit bottoms). I ordered it offline, took one look at it after receiving it & knew it was too small for me! Size small that fits like a 2/3."
New. Only taken out for a photo
"Black & Gold Sandals, 8.5, good condition, worn 2 times, kinda loose on my feet, super cute with the gold wings, view my other items"
Hunter socks grey! Fits size 8-10. New
"Super cute! In perfect condition, 0 flaws. Corduroy. Size large. Its lined, therefore, warmer than most light jackets. Thanks for browsing!"
"Bnwt Os lularoe giraffe leggings. Dark blue, white, gold gorgeous colors."
Navy Blue No fading Hot pink Nike Logo Xs ((The logo on the picture is wrinkled)) There's nothing wrong with the logo.
This is a pair of K Swiss with white and navy leather slip on sneakers. Worn one time for a few hours. Lined with Terry cloth to prevent slipping. In great condition. Really cute. Ladies size 8.
"Us Shell: 1.95% Rayon, 5% Spandex, Shell: 2.97% Cotton, 3% Spandex Size: X Small Shoulder: 1.5"" Bust: 30"" Waist: 26"" Length: 30.5"" Sweep: 34"""
Good for exercising! And comfy!
Size extra small. Cream lace with navy blue underneath in front and solid grey for back.
Reserved for Beach bum!!! Tank top bundle
"Bnwot, this acacia snapper romper/overalls are perfect as a cover up or even a spring/summer day. Would be so cute with a lace bralette or a bikini under. Will fit 00-1 loose fit and a 3 more form fitting. True to size. These are 100% silk. They are slightly stretchy as well."
Small Grey Women's Nike Dri fit tee. Great condition! Comes from smoke free pet free home.
"Men's Hip Hop Iced-out Necklaces Combo 14k Yellow Gold Finished Angel & Red Stone Necklaces Set Angel Pendant Size: 1.15"" x 1.5"" Necklace Size: 2mm 24"" Box Chain Red Ruby Pendant Size: 1"" x 1.7"" Necklace Size: 2mm 30"" Box Chain Yellow Gold Finished 100 % Brand New The pendant displays luxurious quality iced out with high quality Lab diamonds despite the affordable price and is firmly constructed"
"Very loved cowboy boots! These are by no means in perfect condition, but they are pre-broken in and slide perfect around a dance floor. Size 6.5"
"This gorgeous tie-dye maxiskirt is in excellent used condition. Beautiful purples, aquas, greys and black. Wide waist band Stretchy, flowy, very soft material. Tags say large but I'm a medium and it fits well. Can definitely accommodate a large because of the stretch to the material. Waist is 28 inches - with out stretching. length is 43 inches I'm 5'4 and it's a little long for me so I just flip the waistband over once and the length is perfect. It can also be doubled as a dress. Please check out my other items - I have many boho, hippie & vintage pieces! Tags for views Euc turquoise strapless dress gray Boho Bohemian Tribal festival Hippie goddess brandy Melville Gypsy Warrior Queen Trendy Urban Outfitters bohemian Free People lularoe h&m purple Coachella green yellow pink blue forever 21 anthropologie Halloween costume witch witchy pagan psychedelic mystical dollskill nasty gal lularoe uni mother of dragons spiritual Hot topic rave hipster h&m free shipping"
Nwt Never worn Explorer Bikini. Super cute and a sold out style that will be hard to come by.
"Handmade by me, 12mm, acrylic faux druzy bead on black painted settings. Made of acrylic resin. Bundle and Save. Click on my page for other colors. Price Firm. I pay shipping. Please comment ""bundle"" under each item you want 1 pair [rm] 2 pairs for [rm] 3 for [rm] 4 for [rm] 5 for [rm] 6 for [rm] 7 for [rm] 8 for [rm] Comment under items you'd like so I can create your bundle. I can make rings for [rm] and silver necklaces for [rm] too. I ship next business day via Usps first class with tracking. If you need it fast, I can ship 2-3 day Usps priority for [rm] extra. Thanks for looking:)! Sparkly sparkle glitter druzy"
Size small romper from the Lilly for Target collection. Barely worn
High neck Key hole Beautiful design Zippered back Durable material Darting at waist line Willing to bundle if interested in other items
Kayak blue. Euc. Price is firm. No free ship.
Tie dye print. Dri fit. Never worn. Looks brand new. No fading on the symbol. Great condition.
"Top: Medium Bottom: Large Ask if you only need one pair, I'll be happy to sell one. Mesg me for info! Great condition. Brought but never worn."
"• loose fit • low V • very soft and comfortable • minimal marker stains, not too noticeable Tags: forever21, pacsun, urban outfitters, brandy melville, vintage"
"Taupe suede booties 3.5"" heel inside zipper"
Under Armour Tough Run Capris Size Large Compression Heatgear Has back zipper pocket In good condition:)
Gently worn Lane Bryant Sweater & Cami Set 18/20. Orange 3/4 sleeve lightweight cardigan with orange/punk /white cami (lace at top and bottom). Smoke free and pet free home. Check other listings. Will bundle.
Worn only a couple times! Can see some wear on bottoms! Great for running/exercising
Navy blue classic v neck tee. Very soft and comfortable. No flaws.
"Size xs/s, ready to ship. - price is flexible -lowballers will be ignored/deleted - ships out 1 day after purchase"
Sorel womens snow angel boots Nubuck waterproof material lined with faux fur Lightly used no obvious signs of wear will post more pictures
Sterling forever nail bracelet with cubic zirconia. fabfitfun spring add on.
Brand New Price is Firm No free shipping Includes Pins Light weight nylon material 14x5x15
super cute slim black overalls worn once
Nwo box Genuine leather Balance man made Height of back heel 4 in. Front 1 in. Side buckle Gold studed straps
"Pretty vineyard vines shep shirt! When I washed it the label on the inside rubbed off, but it's a size large. Would fit a medium really well also!"
super trendy dark wash fashion nova jeans for sale! :)) asphalt jeans - retails for [rm]. like brand new! worn one time. size 0
"Blowout sale! Price firm, no trades, no bundle discounts! Reduced from [rm] Nwt! Tinder reference Failure to read this will result in blocking"
Adidas tee shirt large Grey 90%cotton 10%polyester Used in good condition no flaws!
Small black rubber bands & free gift !
New with tag Garfield T-shirt. Very tiny hole on shoulder side as seen on third photo. Hardly noticeable.
Women's burgundy obey sweater Leopard print in the obey logo Good used condition has some wash wear but still lots of life left and piling but other then that no holes or stains or rips Women's medium but runs on the bigger:looser side
lightweight and soft. would also fit a med. wrinkled from storage
"Free Shipping! Brand New in package Silver charm bracelet with 13 charms costume jewelry I ship within 24 hours! Thanks For Looking! Save On Bundles! Check Out My Closet For More Great Deals On High End Bags, Cosmetics, Toys, Jewelry And More!"
Free Shipping New Long Silver Necklace w/ Crystal accents. This necklace is not adjustable. Easy on and off over your head. Also Available in rosegold and gold. Bundle 2 or more listings together and save [rm] on each listing and get Free Shipping. Message me for a Bundle.
Black plain thermal. Smith's Workwear size Large. No defects and great condition
Men's Shirt ( size 54)
"Vs Pink Reversible Yoga Leggings Blue Size Medium Retail [rm] List price is the lowest No free shipping (unless otherwise posted) I No longer do holds (sorry) Bundle to save on shipping No trades Please do not comment an offer or request a bundle unless you are prepared to purchase. Please respect our time, we will block those potential buyers who are not respectful Do ask questions, we strive to make this an excellent shopping experience for you Do rate the transaction upon receiving your item(s), it's only polite :)"
Bought off this Site --- Didn't Fit --- Selling to try & Get My $ back. Very Soft and Good Condition -- My Loss Your Gain -- Very Cute Sweatshirt
"Women's size 31, straight leg, dark blue"
Vacay Shipping Out April 24th Size: Large Fit: Loose Condition: New In Package Firm See Bio For More Info Thanks PrettyinPINK2016
"Hollister Jegging Size 7 Regular Worn Once, Washed Once"
Worn three times including the taking of photo
It's new with tags. It's a size 11 in juniors so it's about a 6 in women's.
Like new 34a Victoria's Secret bra
Men's L Worn once Too small for the hubs Excellent condition
"Yes, the price has gone up by [rm] because the cost for me to buy them has gone up by [rm] so I still gave you guys a deal (: Available in grey Sold over 1,000 In my hometown so I want to give this app a try! They Fit Small so please keep that in mind. I Have Them Instock, hurry before they are gone! Shipping will take a week, If Your Size Is Not Instock (: only says Calvin, similar to Ck Tags: hoodies, hoodie, ck, Calvin, shorts, athletic shorts, cheap, 2 Pc set, lounge set"
New with tags Hot Pink & cream colored Tall boot socks
"New never worn. Wrong size for me There are no flaws, the camera quality is just off using this app. Size: Small, Extra Tall If you're slim and tall this is perfect for you Tags-- black sweatpants Christmas Lululemon Nike Adidas Pink American apparel Top Shop Brandy Melville unif Zara Hollister Aeropostale H&m forever 21 asos Lulus rue Abercrombie & Fitch Ralph Lauren polo leggings tall Levi's Bdg True Religion"
Cute whale boots from JCrew Size 8 Navy blue
Color: As The Photo Size: Xl Material: Cotton Length: Ankle Length Closure Type: Pullover Wash&Care: Hand Wash Pattern Type: Leopard Style: Sexy Neckline: V Neck Sleeve Length: Sleeveless Stretchability: General Stretchable Fits 13/14 Prices Are Firm
Brand new with tags Lularoe Tc Lion Leggings paired with black Xl Irma. Major Lularoe unicorn! Ships same business day if ordered before 1pm Pst. Ask about bundling!
Nwt Ariat Fatbaby Camo boots sz 7.5 Great boots never worn
Mens Polo Ralph Lauren Shoes Sz 13 Very Good Condition
Nwt Os Lularoe Monkey with bowtie Free Shipping
Brand new! Lovely but I need a size smaller
"Bright red Coach Wallet. Size: 4.5"" x 2.5 "". Brand new!"
Great condition Flaws: slight creasing in tow box No box 100% authentic
Size 6 Skinny blue jeans
"Blue cade Leather| Inside zip, cell phone and multifunction pockets| Zip-top closure, fabric lining| Handles with 3 3/4"" drop| Strap with 20"" drop for shoulder or crossbody wear| 13 3/4"" (l) x 9"" (h) x 6"" (w)"
"Victoria's Secret bra. Unlined bright red lace highneck halter bra. Unlined blue lace bra. Nwt Price is Firm Bundle discounts Free Shipping —————————————————— Ships: Mon, Wed, Fri, Sat Smoke free & pet free home Questions? Ask away —————————————————— For more items search ""32b funsizeshop"" +++ lingerie sleepwear sexy lovely cute beautiful sheer classy lace body by victoria +++"
"Size large vs hoodie! Ripples in pictures are from my camera, sweatshirt is solid teal."
New American Flag Swim Suit Size: Top: Small [rm] Bottoms: Xs [rm] No Free Shipping No Holds No 0trade All Sales Final Ships Within 1-2 Business Day's
32dd Like new Push Up
All black vans men's 6.5 womans 8 need a Ganymede cleaning! Plenty of life left
New This band is for your first and second editions watch.
Like New! Only wore 1 or 2 times. Tall & Curvy
Like new condition. Worn twice size 10
Victoria's Secret pink tshirt Size Large. Fits True To Size. No holds. No defects. All items are from a smoke free home.Please check out my other great items for sale I will bundle.
"It looks super authentic, serial number, clear stitch, texture and all, only thing is it doesn't have the dust bag... ask any questions. Never worn Size 46/115"
never used little brown bag.
Cute new Rvca bodysuit with cute detailing on the top. includes the buttons on the crotch area
Cute yellow and white striped long sleeve. Size S but fits loose. Worn only a handful of times. Good condition no tears or stains.
Two sheer leggings One form connection 18 And the other one from forever 21 Both size M
Satin champagne rose gold jacket thick for the cold Great for over dresses third and fourth picture show actual color and detail :) Never worn Great quality
Red Nascar visor Velcro adjustable Never use
"Vs Pink Varsity Crew Watercolor Xs Rainbow, multi color Size Xs Very rare Super cute Please check out other listings!"
Army green. Size small. A drawstring cinched waist that ties at the back. Utility pockets. In great condition.
Like new Size 10 short Very stretchy/ doesn't bag out Denim X Super flattering : hi rise (belly button) Jegging skinny slim fit jean
size Medium yogapants pink logo
These are beautiful jeans! •they have very little signs of wear.
Fabulegs Owls Bnwt One Size (2-10/12) Still in plastic - No Longer available from Fabulegs Sold Out Fit similar to Lularoe and as nice or nicer. Will ship right away. Will combine shipping if you'd like to buy another item of mine.
Stretchy fresh design beautiful pretty similar forever 21
"Size:6, gloria Vanderbilt, white with blue flowered trim on leg bottom"
"Bought this last night in his San Jose show, they sold out quick. I posted a picture of the ticket to show that I went. Size large (true to size) Price firm Yeezy/ Pablo / Kim Kardashian / Supreme / Bape / Palace / Fashion/ Ralph Lauren"
"Men's L but fits tight, more like S or M Good condition for its age 1988 Harley Davidson shirt Made by 3d emblem Picture is a little faded (it is almost 30 years old) but still very visible"
Great condition like new! Tribal patterned high waisted jegging material shorts Size small Super cute and comfortable!! Make an offer let me know if you have any questions at all!!
"Size s/m.. see through cardigan to go over bobby. Great condition besides a little run as shown in pics on the see-through part of the left side but hardly noticeable anyways, great soft matetial."
"Low tops, worn less than 10 times. Smoke free home, good cleaning and these would look brand new!"
"Pre-Owned in Great Condition Women's Big Star Casey K Low Rise Fit 29r x 31"" No Stains, No Rips, No Holes. Light Wear on Leg Cuffs. Cuffs Have Been Cut to Allow for Boot. Material: 98% Cotton / 2% Spandex Measurements: Outseam: 39"" / Rise: 7"" / Waist: 16"" / Hips 18"" / Inseam: 31"" / Leg Openings: 6"""
"Bnwt LuLaRoe Halloween leggings with skulls! Light olive green tone, red eyes. Size Tc (fits 10-22). Removed from bag only for photos. From smoke free, cat friendly home. Free shipping! Will ship Asap!"
New Victoria's Secret pink ankle legging Size medium Color: blue and dark gray
Never used bought new . Smells great
HANES...women's boy shorts (panties)...size 9...3 in a pack ...brand New!!! Willing to bundle... Thanks for looking!
Great condition Columbia Omni-shield pants. Zippers at the bottom and at pockets. Purchased from Pm and never worn. Size 4.
"Brand new men's Nike downshifter 6 sneaker size 11. Purchased at a retail store,fully authentic. Box top is cut but these are not from an outlet,our local retail store cut the top so they can use slanted racks for display. B/f does not like Nike only reason I'm selling. He never even tried these on."
"Monokini. One piece swimsuit. Perfect for the summer. Low cut, high thigh, as pictured. Tagged Xl, but fits M/l."
Blue romper with pink flowers :) So cute but I don't use it anymore :( Like a romper / bodysuit type of thing It is pretty long Has pockets :) Size Xl ( 14/16 )
good condition except only one side is still sewn together at the fold over part. i do bundles (victoria secret leggings pink aerie)
Never worn (nwot) black Coach rain boots. Patent appearance with gold detailing. Size 7.
Never been worn. Navy blue with allover elephant print. Ties around neck. Has open back detail. Stilletto's brand.
these are in great condition just very small pilling! otherwise that's it. they aren't short crops these are longer ones! price is firm.
"This Is My Lowest Price. Lululemon Run A Marathon Crops, Size 2, Pretty Palm Black Angel Wing/Black in pristine, pre-owned condition. Worn once, washed in cold water and hung to dry. Mint, just like new condition…there are no issues/flaws or signs of wear. · With plenty of pockets for tunes and snacks, these crops will help you keep your cool on long runs · Luxtreme fabric is sweat-wicking and breathable with four-way stretch · Full-On Luxtreme fabric back panel provides great coverage · Strategically placed Mesh in high-sweat areas · Shaped hem wont restrict your stride · Reflective details add visibility · Tight fit, low rise Measurements taken while item was laying flat (un-stretched): Waist: 12 inches from side to side, across front Rise: 7 inches Inseam: 17.5 inches Leg opening: 5 inches from seam to seam Be sure to check my other Lululemon items!"
"Size Tc, made in Vietnam. These are navy blue, with a black lace print with subtle pinks and green leaves. Softest pair I've ever had. They have some very minor piling. Crotch photo attached."
"Miss me jeans in excellent condition. Bought them, and they fit a little snug. So I won't be wearing them. Size 25. [rm] no free shipping"
"On Hold for Fashionpassion Only! Victoria's Secret Pink Bedazzled Bling Gray Sweatpants / Joggers / Lounge Pants in a size small. They feature sequins all throughout the front and back along with ""pink"" on the side. Drawstring closure. Excellent like new condition. Retails at [rm]"
"Varied between different stores: Charlotte Russe, Old Navy, Target, Kohl's but mainly all Aeropostale.(10th cami is in second picture)"
Never worn and need to get rid of it
Comment if you have any questions!
Extremely high waisted riding pants. The color is henna.
"Clear water bottle with black lettering ""kiss my abs"". 32 oz, brand new Free shipping with the purchase of 2 or more items"
Size 8. Skinny ankle (Stella low rise). Dark wash. Think I only wore them once.
Used one time still has tags
